date,price,div,eps,cpi
1871-01-01,4.44,0.26,0.4,12.46406116
1871-02-01,4.5,0.26,0.4,12.84464132
1871-03-01,4.61,0.26,0.4,13.0349719
1871-04-01,4.74,0.26,0.4,12.55922645
1871-05-01,4.86,0.26,0.4,12.27381157
1871-06-01,4.82,0.26,0.4,12.08348099
1871-07-01,4.73,0.26,0.4,12.08348099
1871-08-01,4.79,0.26,0.4,11.8932314
1871-09-01,4.84,0.26,0.4,12.17864628
1871-10-01,4.59,0.26,0.4,12.36889587
1871-11-01,4.64,0.26,0.4,12.36889587
1871-12-01,4.74,0.26,0.4,12.65439174
1872-01-01,4.86,0.2633,0.4025,12.65439174
1872-02-01,4.88,0.2667,0.405,12.65439174
1872-03-01,5.04,0.27,0.4075,12.84464132
1872-04-01,5.18,0.2733,0.41,13.13013719
1872-05-01,5.18,0.2767,0.4125,13.13013719
1872-06-01,5.13,0.28,0.415,13.0349719
1872-07-01,5.1,0.2833,0.4175,12.84464132
1872-08-01,5.04,0.2867,0.42,12.93980661
1872-09-01,4.95,0.29,0.4225,13.0349719
1872-10-01,4.97,0.2933,0.425,12.74947603
1872-11-01,4.95,0.2967,0.4275,13.13013719
1872-12-01,5.07,0.3,0.43,12.93980661
1873-01-01,5.11,0.3025,0.4325,12.93980661
1873-02-01,5.15,0.305,0.435,13.22522149
1873-03-01,5.11,0.3075,0.4375,13.22522149
1873-04-01,5.04,0.31,0.44,13.22522149
1873-05-01,5.05,0.3125,0.4425,12.93980661
1873-06-01,4.98,0.315,0.445,12.55922645
1873-07-01,4.97,0.3175,0.4475,12.55922645
1873-08-01,4.97,0.32,0.45,12.55922645
1873-09-01,4.59,0.3225,0.4525,12.55922645
1873-10-01,4.19,0.325,0.455,12.27381157
1873-11-01,4.04,0.3275,0.4575,11.8932314
1873-12-01,4.42,0.33,0.46,12.17864628
1874-01-01,4.66,0.33,0.46,12.36889587
1874-02-01,4.8,0.33,0.46,12.36889587
1874-03-01,4.73,0.33,0.46,12.36889587
1874-04-01,4.6,0.33,0.46,12.17864628
1874-05-01,4.48,0.33,0.46,12.08348099
1874-06-01,4.46,0.33,0.46,11.79806612
1874-07-01,4.46,0.33,0.46,11.8932314
1874-08-01,4.47,0.33,0.46,11.79806612
1874-09-01,4.54,0.33,0.46,11.79806612
1874-10-01,4.53,0.33,0.46,11.60773554
1874-11-01,4.57,0.33,0.46,11.51265124
1874-12-01,4.54,0.33,0.46,11.51265124
1875-01-01,4.54,0.3275,0.4517,11.51265124
1875-02-01,4.53,0.325,0.4433,11.51265124
1875-03-01,4.59,0.3225,0.435,11.51265124
1875-04-01,4.65,0.32,0.4267,11.60773554
1875-05-01,4.47,0.3175,0.4183,11.32232066
1875-06-01,4.38,0.315,0.41,11.13207107
1875-07-01,4.39,0.3125,0.4017,11.13207107
1875-08-01,4.41,0.31,0.3933,11.22715537
1875-09-01,4.37,0.3075,0.385,11.13207107
1875-10-01,4.3,0.305,0.3767,11.13207107
1875-11-01,4.37,0.3025,0.3683,11.03690579
1875-12-01,4.37,0.3,0.36,10.9417405
1876-01-01,4.46,0.3,0.3533,10.84657521
1876-02-01,4.52,0.3,0.3467,10.84657521
1876-03-01,4.51,0.3,0.34,10.84657521
1876-04-01,4.34,0.3,0.3333,10.75149091
1876-05-01,4.18,0.3,0.3267,10.37091074
1876-06-01,4.15,0.3,0.32,10.08541488
1876-07-01,4.1,0.3,0.3133,10.08541488
1876-08-01,3.93,0.3,0.3067,10.18058017
1876-09-01,3.69,0.3,0.3,10.27574545
1876-10-01,3.67,0.3,0.2933,10.46599504
1876-11-01,3.6,0.3,0.2867,10.56116033
1876-12-01,3.58,0.3,0.28,10.75149091
1877-01-01,3.55,0.2908,0.2817,10.9417405
1877-02-01,3.34,0.2817,0.2833,10.65632562
1877-03-01,3.17,0.2725,0.285,10.18058017
1877-04-01,2.94,0.2633,0.2867,10.46599504
1877-05-01,2.94,0.2542,0.2883,10.65632562
1877-06-01,2.73,0.245,0.29,10.08541488
1877-07-01,2.85,0.2358,0.2917,10.18058017
1877-08-01,3.05,0.2267,0.2933,9.8
1877-09-01,3.24,0.2175,0.295,9.704834711
1877-10-01,3.31,0.2083,0.2967,9.704834711
1877-11-01,3.26,0.1992,0.2983,9.514585124
1877-12-01,3.25,0.19,0.3,9.514585124
1878-01-01,3.25,0.1892,0.3008,9.229089256
1878-02-01,3.18,0.1883,0.3017,9.134004959
1878-03-01,3.24,0.1875,0.3025,8.94367438
1878-04-01,3.33,0.1867,0.3033,8.848509091
1878-05-01,3.34,0.1858,0.3042,8.563094215
1878-06-01,3.41,0.185,0.305,8.372844628
1878-07-01,3.48,0.1842,0.3058,8.467928926
1878-08-01,3.45,0.1833,0.3067,8.563094215
1878-09-01,3.52,0.1825,0.3075,8.563094215
1878-10-01,3.48,0.1817,0.3083,8.467928926
1878-11-01,3.47,0.1808,0.3092,8.372844628
1878-12-01,3.45,0.18,0.31,8.18251405
1879-01-01,3.58,0.1817,0.3158,8.277679339
1879-02-01,3.71,0.1833,0.3217,8.372844628
1879-03-01,3.65,0.185,0.3275,8.277679339
1879-04-01,3.77,0.1867,0.3333,8.18251405
1879-05-01,3.94,0.1883,0.3392,8.18251405
1879-06-01,3.96,0.19,0.345,8.087381157
1879-07-01,4.04,0.1917,0.3508,8.18251405
1879-08-01,4.07,0.1933,0.3567,8.18251405
1879-09-01,4.22,0.195,0.3625,8.467928926
1879-10-01,4.68,0.1967,0.3683,8.94367438
1879-11-01,4.93,0.1983,0.3742,9.419419835
1879-12-01,4.92,0.2,0.38,9.704834711
1880-01-01,5.11,0.205,0.3892,9.990330579
1880-02-01,5.2,0.21,0.3983,9.990330579
1880-03-01,5.3,0.215,0.4075,10.08541488
1880-04-01,5.18,0.22,0.4167,9.704834711
1880-05-01,4.77,0.225,0.4258,9.419419835
1880-06-01,4.79,0.23,0.435,9.229089256
1880-07-01,5.01,0.235,0.4442,9.229089256
1880-08-01,5.19,0.24,0.4533,9.229089256
1880-09-01,5.18,0.245,0.4625,9.324254545
1880-10-01,5.33,0.25,0.4717,9.324254545
1880-11-01,5.61,0.255,0.4808,9.419419835
1880-12-01,5.84,0.26,0.49,9.514585124
1881-01-01,6.19,0.265,0.4858,9.419419835
1881-02-01,6.17,0.27,0.4817,9.514585124
1881-03-01,6.24,0.275,0.4775,9.514585124
1881-04-01,6.22,0.28,0.4733,9.609669421
1881-05-01,6.5,0.285,0.4692,9.514585124
1881-06-01,6.58,0.29,0.465,9.514585124
1881-07-01,6.35,0.295,0.4608,9.609669421
1881-08-01,6.2,0.3,0.4567,9.8
1881-09-01,6.25,0.305,0.4525,10.18058017
1881-10-01,6.15,0.31,0.4483,10.27574545
1881-11-01,6.19,0.315,0.4442,10.18058017
1881-12-01,6.01,0.32,0.44,10.18058017
1882-01-01,5.92,0.32,0.4392,10.18058017
1882-02-01,5.79,0.32,0.4383,10.27574545
1882-03-01,5.78,0.32,0.4375,10.27574545
1882-04-01,5.78,0.32,0.4367,10.37091074
1882-05-01,5.71,0.32,0.4358,10.46599504
1882-06-01,5.68,0.32,0.435,10.56116033
1882-07-01,6.0,0.32,0.4342,10.46599504
1882-08-01,6.18,0.32,0.4333,10.56116033
1882-09-01,6.24,0.32,0.4325,10.27574545
1882-10-01,6.07,0.32,0.4317,10.18058017
1882-11-01,5.81,0.32,0.4308,10.08541488
1882-12-01,5.84,0.32,0.43,9.990330579
1883-01-01,5.81,0.3208,0.4275,9.990330579
1883-02-01,5.68,0.3217,0.425,10.08541488
1883-03-01,5.75,0.3225,0.4225,9.990330579
1883-04-01,5.87,0.3233,0.42,9.895165289
1883-05-01,5.77,0.3242,0.4175,9.8
1883-06-01,5.82,0.325,0.415,9.514585124
1883-07-01,5.73,0.3258,0.4125,9.324254545
1883-08-01,5.47,0.3267,0.41,9.324254545
1883-09-01,5.53,0.3275,0.4075,9.229089256
1883-10-01,5.38,0.3283,0.405,9.229089256
1883-11-01,5.46,0.3292,0.4025,9.134004959
1883-12-01,5.34,0.33,0.4,9.229089256
1884-01-01,5.18,0.3283,0.3925,9.229089256
1884-02-01,5.32,0.3267,0.385,9.229089256
1884-03-01,5.3,0.325,0.3775,9.229089256
1884-04-01,5.06,0.3233,0.37,9.038839669
1884-05-01,4.65,0.3217,0.3625,8.848509091
1884-06-01,4.46,0.32,0.355,8.848509091
1884-07-01,4.46,0.3183,0.3475,8.753424793
1884-08-01,4.74,0.3167,0.34,8.753424793
1884-09-01,4.59,0.315,0.3325,8.658259504
1884-10-01,4.44,0.3133,0.325,8.563094215
1884-11-01,4.35,0.3117,0.3175,8.372844628
1884-12-01,4.34,0.31,0.31,8.277679339
1885-01-01,4.24,0.3042,0.3067,8.277679339
1885-02-01,4.37,0.2983,0.3033,8.372844628
1885-03-01,4.38,0.2925,0.3,8.18251405
1885-04-01,4.37,0.2867,0.2967,8.277679339
1885-05-01,4.32,0.2808,0.2933,8.087381157
1885-06-01,4.3,0.275,0.29,7.897091074
1885-07-01,4.46,0.2692,0.2867,7.992232066
1885-08-01,4.71,0.2633,0.2833,7.992232066
1885-09-01,4.65,0.2575,0.28,7.897091074
1885-10-01,4.92,0.2517,0.2767,7.897091074
1885-11-01,5.24,0.2458,0.2733,7.992232066
1885-12-01,5.2,0.24,0.27,8.18251405
1886-01-01,5.2,0.2383,0.275,7.992232066
1886-02-01,5.3,0.2367,0.28,7.992232066
1886-03-01,5.19,0.235,0.285,7.897091074
1886-04-01,5.12,0.2333,0.29,7.801941983
1886-05-01,5.02,0.2317,0.295,7.611651901
1886-06-01,5.25,0.23,0.3,7.51650281
1886-07-01,5.33,0.2283,0.305,7.611651901
1886-08-01,5.37,0.2267,0.31,7.706792893
1886-09-01,5.51,0.225,0.315,7.706792893
1886-10-01,5.65,0.2233,0.32,7.706792893
1886-11-01,5.79,0.2217,0.325,7.706792893
1886-12-01,5.64,0.22,0.33,7.801941983
1887-01-01,5.58,0.2225,0.3325,7.992232066
1887-02-01,5.54,0.225,0.335,8.087381157
1887-03-01,5.67,0.2275,0.3375,8.087381157
1887-04-01,5.8,0.23,0.34,8.087381157
1887-05-01,5.9,0.2325,0.3425,8.087381157
1887-06-01,5.73,0.235,0.345,7.992232066
1887-07-01,5.59,0.2375,0.3475,7.897091074
1887-08-01,5.45,0.24,0.35,7.992232066
1887-09-01,5.38,0.2425,0.3525,7.897091074
1887-10-01,5.2,0.245,0.355,7.992232066
1887-11-01,5.3,0.2475,0.3575,8.087381157
1887-12-01,5.27,0.25,0.36,8.277679339
1888-01-01,5.31,0.2483,0.3517,8.372844628
1888-02-01,5.28,0.2467,0.3433,8.277679339
1888-03-01,5.08,0.245,0.335,8.277679339
1888-04-01,5.1,0.2433,0.3267,8.18251405
1888-05-01,5.17,0.2417,0.3183,8.087381157
1888-06-01,5.01,0.24,0.31,7.992232066
1888-07-01,5.14,0.2383,0.3017,8.087381157
1888-08-01,5.25,0.2367,0.2933,8.087381157
1888-09-01,5.38,0.235,0.285,8.087381157
1888-10-01,5.35,0.2333,0.2767,8.18251405
1888-11-01,5.24,0.2317,0.2683,8.277679339
1888-12-01,5.14,0.23,0.26,8.277679339
1889-01-01,5.24,0.2292,0.2633,7.992232066
1889-02-01,5.3,0.2283,0.2667,7.897091074
1889-03-01,5.19,0.2275,0.27,7.801941983
1889-04-01,5.18,0.2267,0.2733,7.801941983
1889-05-01,5.32,0.2258,0.2767,7.611651901
1889-06-01,5.41,0.225,0.28,7.611651901
1889-07-01,5.3,0.2242,0.2833,7.611651901
1889-08-01,5.37,0.2233,0.2867,7.611651901
1889-09-01,5.5,0.2225,0.29,7.706792893
1889-10-01,5.4,0.2217,0.2933,7.706792893
1889-11-01,5.35,0.2208,0.2967,7.706792893
1889-12-01,5.32,0.22,0.3,7.801941983
1890-01-01,5.38,0.22,0.2992,7.611651901
1890-02-01,5.32,0.22,0.2983,7.611651901
1890-03-01,5.28,0.22,0.2975,7.611651901
1890-04-01,5.39,0.22,0.2967,7.611651901
1890-05-01,5.62,0.22,0.2958,7.706792893
1890-06-01,5.58,0.22,0.295,7.706792893
1890-07-01,5.54,0.22,0.2942,7.706792893
1890-08-01,5.41,0.22,0.2933,7.992232066
1890-09-01,5.32,0.22,0.2925,8.087381157
1890-10-01,5.08,0.22,0.2917,8.087381157
1890-11-01,4.71,0.22,0.2908,7.897091074
1890-12-01,4.6,0.22,0.29,7.897091074
1891-01-01,4.84,0.22,0.2942,7.801941983
1891-02-01,4.9,0.22,0.2983,7.897091074
1891-03-01,4.81,0.22,0.3025,7.992232066
1891-04-01,4.97,0.22,0.3067,8.087381157
1891-05-01,4.95,0.22,0.3108,7.992232066
1891-06-01,4.85,0.22,0.315,7.801941983
1891-07-01,4.77,0.22,0.3192,7.706792893
1891-08-01,4.93,0.22,0.3233,7.706792893
1891-09-01,5.33,0.22,0.3275,7.611651901
1891-10-01,5.33,0.22,0.3317,7.611651901
1891-11-01,5.25,0.22,0.3358,7.51650281
1891-12-01,5.41,0.22,0.34,7.51650281
1892-01-01,5.51,0.2217,0.3425,7.326212727
1892-02-01,5.52,0.2233,0.345,7.326212727
1892-03-01,5.58,0.225,0.3475,7.135922645
1892-04-01,5.57,0.2267,0.35,7.040773554
1892-05-01,5.57,0.2283,0.3525,7.040773554
1892-06-01,5.54,0.23,0.355,7.040773554
1892-07-01,5.54,0.2317,0.3575,7.231071736
1892-08-01,5.62,0.2333,0.36,7.326212727
1892-09-01,5.48,0.235,0.3625,7.326212727
1892-10-01,5.59,0.2367,0.365,7.326212727
1892-11-01,5.57,0.2383,0.3675,7.51650281
1892-12-01,5.51,0.24,0.37,7.611651901
1893-01-01,5.61,0.2408,0.3608,7.897091074
1893-02-01,5.51,0.2417,0.3517,7.992232066
1893-03-01,5.31,0.2425,0.3425,7.801941983
1893-04-01,5.31,0.2433,0.3333,7.706792893
1893-05-01,4.84,0.2442,0.3242,7.611651901
1893-06-01,4.61,0.245,0.315,7.421361818
1893-07-01,4.18,0.2458,0.3058,7.231071736
1893-08-01,4.08,0.2467,0.2967,6.945632562
1893-09-01,4.37,0.2475,0.2875,7.231071736
1893-10-01,4.5,0.2483,0.2783,7.326212727
1893-11-01,4.57,0.2492,0.2692,7.135922645
1893-12-01,4.41,0.25,0.26,7.040773554
1894-01-01,4.32,0.2467,0.2517,6.850483471
1894-02-01,4.38,0.2433,0.2433,6.755342479
1894-03-01,4.51,0.24,0.235,6.565052397
1894-04-01,4.57,0.2367,0.2267,6.565052397
1894-05-01,4.4,0.2333,0.2183,6.565052397
1894-06-01,4.34,0.23,0.21,6.565052397
1894-07-01,4.25,0.2267,0.2017,6.565052397
1894-08-01,4.41,0.2233,0.1933,6.755342479
1894-09-01,4.48,0.22,0.185,6.850483471
1894-10-01,4.34,0.2167,0.1767,6.660193388
1894-11-01,4.34,0.2133,0.1683,6.660193388
1894-12-01,4.3,0.21,0.16,6.565052397
1895-01-01,4.25,0.2083,0.1675,6.565052397
1895-02-01,4.19,0.2067,0.175,6.565052397
1895-03-01,4.19,0.205,0.1825,6.565052397
1895-04-01,4.37,0.2033,0.19,6.850483471
1895-05-01,4.61,0.2017,0.1975,6.945632562
1895-06-01,4.7,0.2,0.205,7.040773554
1895-07-01,4.72,0.1983,0.2125,6.945632562
1895-08-01,4.79,0.1967,0.22,6.850483471
1895-09-01,4.82,0.195,0.2275,6.850483471
1895-10-01,4.75,0.1933,0.235,6.850483471
1895-11-01,4.59,0.1917,0.2425,6.850483471
1895-12-01,4.32,0.19,0.25,6.755342479
1896-01-01,4.27,0.1892,0.2467,6.660193388
1896-02-01,4.45,0.1883,0.2433,6.565052397
1896-03-01,4.38,0.1875,0.24,6.565052397
1896-04-01,4.42,0.1867,0.2367,6.469903306
1896-05-01,4.4,0.1858,0.2333,6.374754215
1896-06-01,4.32,0.185,0.23,6.279613223
1896-07-01,4.04,0.1842,0.2267,6.279613223
1896-08-01,3.81,0.1833,0.2233,6.279613223
1896-09-01,4.01,0.1825,0.22,6.279613223
1896-10-01,4.1,0.1817,0.2167,6.469903306
1896-11-01,4.38,0.1808,0.2133,6.660193388
1896-12-01,4.22,0.18,0.21,6.660193388
1897-01-01,4.22,0.18,0.2183,6.469903306
1897-02-01,4.18,0.18,0.2267,6.469903306
1897-03-01,4.19,0.18,0.235,6.469903306
1897-04-01,4.06,0.18,0.2433,6.374754215
1897-05-01,4.08,0.18,0.2517,6.279613223
1897-06-01,4.27,0.18,0.26,6.279613223
1897-07-01,4.46,0.18,0.2683,6.279613223
1897-08-01,4.75,0.18,0.2767,6.565052397
1897-09-01,4.98,0.18,0.285,6.755342479
1897-10-01,4.82,0.18,0.2933,6.660193388
1897-11-01,4.65,0.18,0.3017,6.660193388
1897-12-01,4.75,0.18,0.31,6.660193388
1898-01-01,4.88,0.1817,0.3133,6.660193388
1898-02-01,4.87,0.1833,0.3167,6.755342479
1898-03-01,4.65,0.185,0.32,6.755342479
1898-04-01,4.57,0.1867,0.3233,6.755342479
1898-05-01,4.87,0.1883,0.3267,7.231071736
1898-06-01,5.06,0.19,0.33,6.755342479
1898-07-01,5.08,0.1917,0.3333,6.660193388
1898-08-01,5.27,0.1933,0.3367,6.660193388
1898-09-01,5.26,0.195,0.34,6.660193388
1898-10-01,5.15,0.1967,0.3433,6.660193388
1898-11-01,5.32,0.1983,0.3467,6.660193388
1898-12-01,5.65,0.2,0.35,6.755342479
1899-01-01,6.08,0.2008,0.3608,6.755342479
1899-02-01,6.31,0.2017,0.3717,6.945632562
1899-03-01,6.4,0.2025,0.3825,6.945632562
1899-04-01,6.48,0.2033,0.3933,7.040773554
1899-05-01,6.21,0.2042,0.4042,7.040773554
1899-06-01,6.07,0.205,0.415,7.135922645
1899-07-01,6.28,0.2058,0.4258,7.231071736
1899-08-01,6.44,0.2067,0.4367,7.326212727
1899-09-01,6.37,0.2075,0.4475,7.611651901
1899-10-01,6.34,0.2083,0.4583,7.706792893
1899-11-01,6.46,0.2092,0.4692,7.801941983
1899-12-01,6.02,0.21,0.48,7.897091074
1900-01-01,6.1,0.2175,0.48,7.897091074
1900-02-01,6.21,0.225,0.48,7.992232066
1900-03-01,6.26,0.2325,0.48,7.992232066
1900-04-01,6.34,0.24,0.48,7.992232066
1900-05-01,6.04,0.2475,0.48,7.801941983
1900-06-01,5.86,0.255,0.48,7.706792893
1900-07-01,5.86,0.2625,0.48,7.801941983
1900-08-01,5.94,0.27,0.48,7.706792893
1900-09-01,5.8,0.2775,0.48,7.801941983
1900-10-01,6.01,0.285,0.48,7.706792893
1900-11-01,6.48,0.2925,0.48,7.706792893
1900-12-01,6.87,0.3,0.48,7.611651901
1901-01-01,7.07,0.3017,0.4817,7.706792893
1901-02-01,7.25,0.3033,0.4833,7.611651901
1901-03-01,7.51,0.305,0.485,7.611651901
1901-04-01,8.14,0.3067,0.4867,7.51650281
1901-05-01,7.73,0.3083,0.4883,7.51650281
1901-06-01,8.5,0.31,0.49,7.51650281
1901-07-01,7.93,0.3117,0.4917,7.611651901
1901-08-01,8.04,0.3133,0.4933,7.706792893
1901-09-01,8.0,0.315,0.495,7.801941983
1901-10-01,7.91,0.3167,0.4967,7.801941983
1901-11-01,8.08,0.3183,0.4983,7.897091074
1901-12-01,7.95,0.32,0.5,7.992232066
1902-01-01,8.12,0.3208,0.5108,7.897091074
1902-02-01,8.19,0.3217,0.5217,7.897091074
1902-03-01,8.2,0.3225,0.5325,7.897091074
1902-04-01,8.48,0.3233,0.5433,7.992232066
1902-05-01,8.46,0.3242,0.5542,8.087381157
1902-06-01,8.41,0.325,0.565,8.18251405
1902-07-01,8.6,0.3258,0.5758,8.18251405
1902-08-01,8.83,0.3267,0.5867,8.087381157
1902-09-01,8.85,0.3275,0.5975,8.18251405
1902-10-01,8.57,0.3283,0.6083,8.753424793
1902-11-01,8.24,0.3292,0.6192,8.467928926
1902-12-01,8.05,0.33,0.63,8.563094215
1903-01-01,8.46,0.3317,0.6217,8.658259504
1903-02-01,8.41,0.3333,0.6133,8.658259504
1903-03-01,8.08,0.335,0.605,8.372844628
1903-04-01,7.75,0.3367,0.5967,8.372844628
1903-05-01,7.6,0.3383,0.5883,8.18251405
1903-06-01,7.18,0.34,0.58,8.18251405
1903-07-01,6.85,0.3417,0.5717,8.18251405
1903-08-01,6.63,0.3433,0.5633,8.18251405
1903-09-01,6.47,0.345,0.555,8.277679339
1903-10-01,6.26,0.3467,0.5467,8.18251405
1903-11-01,6.28,0.3483,0.5383,8.087381157
1903-12-01,6.57,0.35,0.53,8.087381157
1904-01-01,6.68,0.3467,0.5267,8.277679339
1904-02-01,6.5,0.3433,0.5233,8.467928926
1904-03-01,6.48,0.34,0.52,8.372844628
1904-04-01,6.64,0.3367,0.5167,8.277679339
1904-05-01,6.5,0.3333,0.5133,8.087381157
1904-06-01,6.51,0.33,0.51,8.087381157
1904-07-01,6.78,0.3267,0.5067,8.087381157
1904-08-01,7.01,0.3233,0.5033,8.18251405
1904-09-01,7.32,0.32,0.5,8.277679339
1904-10-01,7.75,0.3167,0.4967,8.277679339
1904-11-01,8.17,0.3133,0.4933,8.467928926
1904-12-01,8.25,0.31,0.49,8.467928926
1905-01-01,8.43,0.3117,0.505,8.467928926
1905-02-01,8.8,0.3133,0.52,8.467928926
1905-03-01,9.05,0.315,0.535,8.372844628
1905-04-01,8.94,0.3167,0.55,8.372844628
1905-05-01,8.5,0.3183,0.565,8.277679339
1905-06-01,8.6,0.32,0.58,8.277679339
1905-07-01,8.87,0.3217,0.595,8.277679339
1905-08-01,9.2,0.3233,0.61,8.372844628
1905-09-01,9.23,0.325,0.625,8.277679339
1905-10-01,9.36,0.3267,0.64,8.277679339
1905-11-01,9.31,0.3283,0.655,8.372844628
1905-12-01,9.54,0.33,0.67,8.467928926
1906-01-01,9.87,0.3358,0.6775,8.467928926
1906-02-01,9.8,0.3417,0.685,8.467928926
1906-03-01,9.56,0.3475,0.6925,8.467928926
1906-04-01,9.43,0.3533,0.7,8.467928926
1906-05-01,9.18,0.3592,0.7075,8.563094215
1906-06-01,9.3,0.365,0.715,8.563094215
1906-07-01,9.06,0.3708,0.7225,8.277679339
1906-08-01,9.73,0.3767,0.73,8.467928926
1906-09-01,10.03,0.3825,0.7375,8.563094215
1906-10-01,9.73,0.3883,0.745,8.753424793
1906-11-01,9.93,0.3942,0.7525,8.848509091
1906-12-01,9.84,0.4,0.76,8.94367438
1907-01-01,9.56,0.4033,0.7517,8.848509091
1907-02-01,9.26,0.4067,0.7433,9.038839669
1907-03-01,8.35,0.41,0.735,8.94367438
1907-04-01,8.39,0.4133,0.7267,8.94367438
1907-05-01,8.1,0.4167,0.7183,9.134004959
1907-06-01,7.84,0.42,0.71,9.229089256
1907-07-01,8.14,0.4233,0.7017,9.229089256
1907-08-01,7.53,0.4267,0.6933,9.229089256
1907-09-01,7.45,0.43,0.685,9.229089256
1907-10-01,6.64,0.4333,0.6767,9.324254545
1907-11-01,6.25,0.4367,0.6683,8.94367438
1907-12-01,6.57,0.44,0.66,8.753424793
1908-01-01,6.85,0.4367,0.6533,8.658259504
1908-02-01,6.6,0.4333,0.6467,8.563094215
1908-03-01,6.87,0.43,0.64,8.563094215
1908-04-01,7.24,0.4267,0.6333,8.658259504
1908-05-01,7.63,0.4233,0.6267,8.658259504
1908-06-01,7.64,0.42,0.62,8.658259504
1908-07-01,7.92,0.4167,0.6133,8.753424793
1908-08-01,8.26,0.4133,0.6067,8.753424793
1908-09-01,8.17,0.41,0.6,8.753424793
1908-10-01,8.27,0.4067,0.5933,8.848509091
1908-11-01,8.83,0.4033,0.5867,8.94367438
1908-12-01,9.03,0.4,0.58,9.038839669
1909-01-01,9.06,0.4033,0.595,8.94367438
1909-02-01,8.8,0.4067,0.61,9.038839669
1909-03-01,8.92,0.41,0.625,9.038839669
1909-04-01,9.32,0.4133,0.64,9.229089256
1909-05-01,9.63,0.4167,0.655,9.324254545
1909-06-01,9.8,0.42,0.67,9.419419835
1909-07-01,9.94,0.4233,0.685,9.419419835
1909-08-01,10.18,0.4267,0.7,9.514585124
1909-09-01,10.19,0.43,0.715,9.609669421
1909-10-01,10.23,0.4333,0.73,9.8
1909-11-01,10.18,0.4367,0.745,9.895165289
1909-12-01,10.3,0.44,0.76,9.990330579
1910-01-01,10.08,0.4425,0.7575,9.895165289
1910-02-01,9.72,0.445,0.755,9.895165289
1910-03-01,9.96,0.4475,0.7525,10.08541488
1910-04-01,9.72,0.45,0.75,10.18058017
1910-05-01,9.56,0.4525,0.7475,9.990330579
1910-06-01,9.1,0.455,0.745,9.895165289
1910-07-01,8.64,0.4575,0.7425,9.895165289
1910-08-01,8.85,0.46,0.74,9.8
1910-09-01,8.91,0.4625,0.7375,9.704834711
1910-10-01,9.32,0.465,0.735,9.419419835
1910-11-01,9.31,0.4675,0.7325,9.229089256
1910-12-01,9.05,0.47,0.73,9.229089256
1911-01-01,9.27,0.47,0.7183,9.229089256
1911-02-01,9.43,0.47,0.7067,8.94367438
1911-03-01,9.32,0.47,0.695,9.038839669
1911-04-01,9.28,0.47,0.6833,8.753424793
1911-05-01,9.48,0.47,0.6717,8.753424793
1911-06-01,9.67,0.47,0.66,8.753424793
1911-07-01,9.63,0.47,0.6483,8.848509091
1911-08-01,9.17,0.47,0.6367,9.134004959
1911-09-01,8.67,0.47,0.625,9.229089256
1911-10-01,8.72,0.47,0.6133,9.229089256
1911-11-01,9.07,0.47,0.6017,9.134004959
1911-12-01,9.11,0.47,0.59,9.038839669
1912-01-01,9.12,0.4708,0.5992,9.134004959
1912-02-01,9.04,0.4717,0.6083,9.229089256
1912-03-01,9.3,0.4725,0.6175,9.419419835
1912-04-01,9.59,0.4733,0.6267,9.704834711
1912-05-01,9.58,0.4742,0.6358,9.704834711
1912-06-01,9.58,0.475,0.645,9.609669421
1912-07-01,9.59,0.4758,0.6542,9.609669421
1912-08-01,9.81,0.4767,0.6633,9.704834711
1912-09-01,9.86,0.4775,0.6725,9.8
1912-10-01,9.84,0.4783,0.6817,9.8
1912-11-01,9.73,0.4792,0.6908,9.8
1912-12-01,9.38,0.48,0.7,9.704834711
1913-01-01,9.3,0.48,0.6942,9.8
1913-02-01,8.97,0.48,0.6883,9.8
1913-03-01,8.8,0.48,0.6825,9.8
1913-04-01,8.79,0.48,0.6767,9.8
1913-05-01,8.55,0.48,0.6708,9.7
1913-06-01,8.12,0.48,0.665,9.8
1913-07-01,8.23,0.48,0.6592,9.9
1913-08-01,8.45,0.48,0.6533,9.9
1913-09-01,8.53,0.48,0.6475,10.0
1913-10-01,8.26,0.48,0.6417,10.0
1913-11-01,8.05,0.48,0.6358,10.1
1913-12-01,8.04,0.48,0.63,10.0
1914-01-01,8.37,0.475,0.6208,10.0
1914-02-01,8.48,0.47,0.6117,9.9
1914-03-01,8.32,0.465,0.6025,9.9
1914-04-01,8.12,0.46,0.5933,9.8
1914-05-01,8.17,0.455,0.5842,9.9
1914-06-01,8.13,0.45,0.575,9.9
1914-07-01,7.68,0.445,0.5658,10.0
1914-08-01,7.68,0.44,0.5567,10.2
1914-09-01,7.68,0.435,0.5475,10.2
1914-10-01,7.68,0.43,0.5383,10.1
1914-11-01,7.68,0.425,0.5292,10.2
1914-12-01,7.35,0.42,0.52,10.1
1915-01-01,7.48,0.4208,0.55,10.1
1915-02-01,7.38,0.4217,0.58,10.0
1915-03-01,7.57,0.4225,0.61,9.9
1915-04-01,8.14,0.4233,0.64,10.0
1915-05-01,7.95,0.4242,0.67,10.1
1915-06-01,8.04,0.425,0.7,10.1
1915-07-01,8.01,0.4258,0.73,10.1
1915-08-01,8.35,0.4267,0.76,10.1
1915-09-01,8.66,0.4275,0.79,10.1
1915-10-01,9.14,0.4283,0.82,10.2
1915-11-01,9.46,0.4292,0.85,10.3
1915-12-01,9.48,0.43,0.88,10.3
1916-01-01,9.33,0.4408,0.9342,10.4
1916-02-01,9.2,0.4517,0.9883,10.4
1916-03-01,9.17,0.4625,1.042,10.5
1916-04-01,9.07,0.4733,1.097,10.6
1916-05-01,9.27,0.4842,1.151,10.7
1916-06-01,9.36,0.495,1.205,10.8
1916-07-01,9.23,0.5058,1.259,10.8
1916-08-01,9.3,0.5167,1.313,10.9
1916-09-01,9.68,0.5275,1.368,11.1
1916-10-01,9.98,0.5383,1.422,11.3
1916-11-01,10.21,0.5492,1.476,11.5
1916-12-01,9.8,0.56,1.53,11.6
1917-01-01,9.57,0.5708,1.509,11.7
1917-02-01,9.03,0.5817,1.488,12.0
1917-03-01,9.31,0.5925,1.468,12.0
1917-04-01,9.17,0.6033,1.447,12.6
1917-05-01,8.86,0.6142,1.426,12.8
1917-06-01,9.04,0.625,1.405,13.0
1917-07-01,8.79,0.6358,1.384,12.8
1917-08-01,8.53,0.6467,1.363,13.0
1917-09-01,8.12,0.6575,1.343,13.3
1917-10-01,7.68,0.6683,1.322,13.5
1917-11-01,7.04,0.6792,1.301,13.5
1917-12-01,6.8,0.69,1.28,13.7
1918-01-01,7.21,0.68,1.256,14.0
1918-02-01,7.43,0.67,1.232,14.1
1918-03-01,7.28,0.66,1.208,14.0
1918-04-01,7.21,0.65,1.183,14.2
1918-05-01,7.44,0.64,1.159,14.5
1918-06-01,7.45,0.63,1.135,14.7
1918-07-01,7.51,0.62,1.111,15.1
1918-08-01,7.58,0.61,1.087,15.4
1918-09-01,7.54,0.6,1.063,15.7
1918-10-01,7.86,0.59,1.038,16.0
1918-11-01,8.06,0.58,1.014,16.3
1918-12-01,7.9,0.57,0.99,16.5
1919-01-01,7.85,0.5667,0.985,16.5
1919-02-01,7.88,0.5633,0.98,16.2
1919-03-01,8.12,0.56,0.975,16.4
1919-04-01,8.39,0.5567,0.97,16.7
1919-05-01,8.97,0.5533,0.965,16.9
1919-06-01,9.21,0.55,0.96,16.9
1919-07-01,9.51,0.5467,0.955,17.4
1919-08-01,8.87,0.5433,0.95,17.7
1919-09-01,9.01,0.54,0.945,17.8
1919-10-01,9.47,0.5367,0.94,18.1
1919-11-01,9.19,0.5333,0.935,18.5
1919-12-01,8.92,0.53,0.93,18.9
1920-01-01,8.83,0.5283,0.9192,19.3
1920-02-01,8.1,0.5267,0.9083,19.5
1920-03-01,8.67,0.525,0.8975,19.7
1920-04-01,8.6,0.5233,0.8867,20.3
1920-05-01,8.06,0.5217,0.8758,20.6
1920-06-01,7.92,0.52,0.865,20.9
1920-07-01,7.91,0.5183,0.8542,20.8
1920-08-01,7.6,0.5167,0.8433,20.3
1920-09-01,7.87,0.515,0.8325,20.0
1920-10-01,7.88,0.5133,0.8217,19.9
1920-11-01,7.48,0.5117,0.8108,19.8
1920-12-01,6.81,0.51,0.8,19.4
1921-01-01,7.11,0.5058,0.7575,19.0
1921-02-01,7.06,0.5017,0.715,18.4
1921-03-01,6.88,0.4975,0.6725,18.3
1921-04-01,6.91,0.4933,0.63,18.1
1921-05-01,7.12,0.4892,0.5875,17.7
1921-06-01,6.55,0.485,0.545,17.6
1921-07-01,6.53,0.4808,0.5025,17.7
1921-08-01,6.45,0.4767,0.46,17.7
1921-09-01,6.61,0.4725,0.4175,17.5
1921-10-01,6.7,0.4683,0.375,17.5
1921-11-01,7.06,0.4642,0.3325,17.4
1921-12-01,7.31,0.46,0.29,17.3
1922-01-01,7.3,0.4642,0.3233,16.9
1922-02-01,7.46,0.4683,0.3567,16.9
1922-03-01,7.74,0.4725,0.39,16.7
1922-04-01,8.21,0.4767,0.4233,16.7
1922-05-01,8.53,0.4808,0.4567,16.7
1922-06-01,8.45,0.485,0.49,16.7
1922-07-01,8.51,0.4892,0.5233,16.8
1922-08-01,8.83,0.4933,0.5567,16.6
1922-09-01,9.06,0.4975,0.59,16.6
1922-10-01,9.26,0.5017,0.6233,16.7
1922-11-01,8.8,0.5058,0.6567,16.8
1922-12-01,8.78,0.51,0.69,16.9
1923-01-01,8.9,0.5117,0.7142,16.8
1923-02-01,9.28,0.5133,0.7383,16.8
1923-03-01,9.43,0.515,0.7625,16.8
1923-04-01,9.1,0.5167,0.7867,16.9
1923-05-01,8.67,0.5183,0.8108,16.9
1923-06-01,8.34,0.52,0.835,17.0
1923-07-01,8.06,0.5217,0.8592,17.2
1923-08-01,8.1,0.5233,0.8833,17.1
1923-09-01,8.15,0.525,0.9075,17.2
1923-10-01,8.03,0.5267,0.9317,17.3
1923-11-01,8.27,0.5283,0.9558,17.3
1923-12-01,8.55,0.53,0.98,17.3
1924-01-01,8.83,0.5317,0.9758,17.3
1924-02-01,8.87,0.5333,0.9717,17.2
1924-03-01,8.7,0.535,0.9675,17.1
1924-04-01,8.5,0.5367,0.9633,17.0
1924-05-01,8.47,0.5383,0.9592,17.0
1924-06-01,8.63,0.54,0.955,17.0
1924-07-01,9.03,0.5417,0.9508,17.1
1924-08-01,9.34,0.5433,0.9467,17.0
1924-09-01,9.25,0.545,0.9425,17.1
1924-10-01,9.13,0.5467,0.9383,17.2
1924-11-01,9.64,0.5483,0.9342,17.2
1924-12-01,10.16,0.55,0.93,17.3
1925-01-01,10.58,0.5542,0.9567,17.3
1925-02-01,10.67,0.5583,0.9833,17.2
1925-03-01,10.39,0.5625,1.01,17.3
1925-04-01,10.28,0.5667,1.037,17.2
1925-05-01,10.61,0.5708,1.063,17.3
1925-06-01,10.8,0.575,1.09,17.5
1925-07-01,11.1,0.5792,1.117,17.7
1925-08-01,11.25,0.5833,1.143,17.7
1925-09-01,11.51,0.5875,1.17,17.7
1925-10-01,11.89,0.5917,1.197,17.7
1925-11-01,12.26,0.5958,1.223,18.0
1925-12-01,12.46,0.6,1.25,17.9
1926-01-01,12.65,0.6075,1.249,17.9
1926-02-01,12.67,0.615,1.248,17.9
1926-03-01,11.81,0.6225,1.248,17.8
1926-04-01,11.48,0.63,1.247,17.9
1926-05-01,11.56,0.6375,1.246,17.8
1926-06-01,12.11,0.645,1.245,17.7
1926-07-01,12.62,0.6525,1.244,17.5
1926-08-01,13.12,0.66,1.243,17.4
1926-09-01,13.32,0.6675,1.242,17.5
1926-10-01,13.02,0.675,1.242,17.6
1926-11-01,13.19,0.6825,1.241,17.7
1926-12-01,13.49,0.69,1.24,17.7
1927-01-01,13.4,0.6967,1.229,17.5
1927-02-01,13.66,0.7033,1.218,17.4
1927-03-01,13.87,0.71,1.208,17.3
1927-04-01,14.21,0.7167,1.197,17.3
1927-05-01,14.7,0.7233,1.186,17.4
1927-06-01,14.89,0.73,1.175,17.6
1927-07-01,15.22,0.7367,1.164,17.3
1927-08-01,16.03,0.7433,1.153,17.2
1927-09-01,16.94,0.75,1.143,17.3
1927-10-01,16.68,0.7567,1.132,17.4
1927-11-01,17.06,0.7633,1.121,17.3
1927-12-01,17.46,0.77,1.11,17.3
1928-01-01,17.53,0.7767,1.133,17.3
1928-02-01,17.32,0.7833,1.155,17.1
1928-03-01,18.25,0.79,1.177,17.1
1928-04-01,19.4,0.7967,1.2,17.1
1928-05-01,20.0,0.8033,1.222,17.2
1928-06-01,19.02,0.81,1.245,17.1
1928-07-01,19.16,0.8167,1.268,17.1
1928-08-01,19.78,0.8233,1.29,17.1
1928-09-01,21.17,0.83,1.312,17.3
1928-10-01,21.6,0.8367,1.335,17.2
1928-11-01,23.06,0.8433,1.357,17.2
1928-12-01,23.15,0.85,1.38,17.1
1929-01-01,24.86,0.86,1.399,17.1
1929-02-01,24.99,0.87,1.418,17.1
1929-03-01,25.43,0.88,1.438,17.0
1929-04-01,25.28,0.89,1.457,16.9
1929-05-01,25.66,0.9,1.476,17.0
1929-06-01,26.15,0.91,1.495,17.1
1929-07-01,28.48,0.92,1.514,17.3
1929-08-01,30.1,0.93,1.533,17.3
1929-09-01,31.3,0.94,1.552,17.3
1929-10-01,27.99,0.95,1.572,17.3
1929-11-01,20.58,0.96,1.591,17.3
1929-12-01,21.4,0.97,1.61,17.2
1930-01-01,21.71,0.9708,1.557,17.1
1930-02-01,23.07,0.9717,1.503,17.0
1930-03-01,23.94,0.9725,1.45,16.9
1930-04-01,25.46,0.9733,1.397,17.0
1930-05-01,23.94,0.9742,1.343,16.9
1930-06-01,21.52,0.975,1.29,16.8
1930-07-01,21.06,0.9758,1.237,16.6
1930-08-01,20.79,0.9767,1.183,16.5
1930-09-01,20.78,0.9775,1.13,16.6
1930-10-01,17.92,0.9783,1.077,16.5
1930-11-01,16.62,0.9792,1.023,16.4
1930-12-01,15.51,0.98,0.97,16.1
1931-01-01,15.98,0.9667,0.94,15.9
1931-02-01,17.2,0.9533,0.91,15.7
1931-03-01,17.53,0.94,0.88,15.6
1931-04-01,15.86,0.9267,0.85,15.5
1931-05-01,14.33,0.9133,0.82,15.3
1931-06-01,13.87,0.9,0.79,15.1
1931-07-01,14.33,0.8867,0.76,15.1
1931-08-01,13.9,0.8733,0.73,15.1
1931-09-01,11.83,0.86,0.7,15.0
1931-10-01,10.25,0.8467,0.67,14.9
1931-11-01,10.39,0.8333,0.64,14.7
1931-12-01,8.44,0.82,0.61,14.6
1932-01-01,8.3,0.7933,0.5933,14.3
1932-02-01,8.23,0.7667,0.5767,14.1
1932-03-01,8.26,0.74,0.56,14.0
1932-04-01,6.28,0.7133,0.5433,13.9
1932-05-01,5.51,0.6867,0.5267,13.7
1932-06-01,4.77,0.66,0.51,13.6
1932-07-01,5.01,0.6333,0.4933,13.6
1932-08-01,7.53,0.6067,0.4767,13.5
1932-09-01,8.26,0.58,0.46,13.4
1932-10-01,7.12,0.5533,0.4433,13.3
1932-11-01,7.05,0.5267,0.4267,13.2
1932-12-01,6.82,0.5,0.41,13.1
1933-01-01,7.09,0.495,0.4125,12.9
1933-02-01,6.25,0.49,0.415,12.7
1933-03-01,6.23,0.485,0.4175,12.6
1933-04-01,6.89,0.48,0.42,12.6
1933-05-01,8.87,0.475,0.4225,12.6
1933-06-01,10.39,0.47,0.425,12.7
1933-07-01,11.23,0.465,0.4275,13.1
1933-08-01,10.67,0.46,0.43,13.2
1933-09-01,10.58,0.455,0.4325,13.2
1933-10-01,9.55,0.45,0.435,13.2
1933-11-01,9.78,0.445,0.4375,13.2
1933-12-01,9.97,0.44,0.44,13.2
1934-01-01,10.54,0.4408,0.4442,13.2
1934-02-01,11.32,0.4417,0.4483,13.3
1934-03-01,10.74,0.4425,0.4525,13.3
1934-04-01,10.92,0.4433,0.4567,13.3
1934-05-01,9.81,0.4442,0.4608,13.3
1934-06-01,9.94,0.445,0.465,13.4
1934-07-01,9.47,0.4458,0.4692,13.4
1934-08-01,9.1,0.4467,0.4733,13.4
1934-09-01,8.88,0.4475,0.4775,13.6
1934-10-01,8.95,0.4483,0.4817,13.5
1934-11-01,9.2,0.4492,0.4858,13.5
1934-12-01,9.26,0.45,0.49,13.4
1935-01-01,9.26,0.45,0.57,13.6
1935-02-01,8.98,0.45,0.65,13.7
1935-03-01,8.41,0.45,0.73,13.7
1935-04-01,9.04,0.446667,0.756667,13.8
1935-05-01,9.75,0.443333,0.783333,13.8
1935-06-01,10.12,0.44,0.81,13.7
1935-07-01,10.65,0.44,0.793333,13.7
1935-08-01,11.37,0.44,0.776667,13.7
1935-09-01,11.61,0.44,0.76,13.7
1935-10-01,11.92,0.45,0.76,13.7
1935-11-01,13.04,0.46,0.76,13.8
1935-12-01,13.04,0.47,0.76,13.8
1936-01-01,13.76,0.48,0.77,13.8
1936-02-01,14.55,0.49,0.78,13.8
1936-03-01,14.86,0.5,0.79,13.7
1936-04-01,14.88,0.516667,0.82,13.7
1936-05-01,14.09,0.533333,0.85,13.7
1936-06-01,14.69,0.55,0.88,13.8
1936-07-01,15.56,0.57,0.9,13.9
1936-08-01,15.87,0.59,0.92,14.0
1936-09-01,16.05,0.61,0.94,14.0
1936-10-01,16.89,0.646667,0.966667,14.0
1936-11-01,17.36,0.683333,0.993333,14.0
1936-12-01,17.06,0.72,1.02,14.0
1937-01-01,17.59,0.73,1.05,14.1
1937-02-01,18.11,0.74,1.08,14.1
1937-03-01,18.09,0.75,1.11,14.2
1937-04-01,17.01,0.78,1.13,14.3
1937-05-01,16.25,0.81,1.15,14.4
1937-06-01,15.64,0.84,1.17,14.4
1937-07-01,16.57,0.816667,1.18667,14.5
1937-08-01,16.74,0.793333,1.20333,14.5
1937-09-01,14.37,0.77,1.22,14.6
1937-10-01,12.28,0.78,1.19,14.6
1937-11-01,11.2,0.79,1.16,14.5
1937-12-01,11.02,0.8,1.13,14.4
1938-01-01,11.31,0.793333,1.07667,14.2
1938-02-01,11.04,0.786667,1.02333,14.1
1938-03-01,10.31,0.78,0.97,14.1
1938-04-01,9.89,0.766667,0.903333,14.2
1938-05-01,9.98,0.753333,0.836667,14.1
1938-06-01,10.21,0.74,0.77,14.1
1938-07-01,12.24,0.713333,0.72,14.1
1938-08-01,12.31,0.686667,0.67,14.1
1938-09-01,11.75,0.66,0.62,14.1
1938-10-01,13.06,0.61,0.626667,14.0
1938-11-01,13.07,0.56,0.633333,14.0
1938-12-01,12.69,0.51,0.64,14.0
1939-01-01,12.5,0.513333,0.663333,14.0
1939-02-01,12.4,0.516667,0.686667,13.9
1939-03-01,12.39,0.52,0.71,13.9
1939-04-01,10.83,0.523333,0.726667,13.8
1939-05-01,11.23,0.526667,0.743333,13.8
1939-06-01,11.43,0.53,0.76,13.8
1939-07-01,11.71,0.54,0.776667,13.8
1939-08-01,11.54,0.55,0.793333,13.8
1939-09-01,12.77,0.56,0.81,14.1
1939-10-01,12.9,0.58,0.84,14.0
1939-11-01,12.67,0.6,0.87,14.0
1939-12-01,12.37,0.62,0.9,14.0
1940-01-01,12.3,0.623333,0.93,13.9
1940-02-01,12.22,0.626667,0.96,14.0
1940-03-01,12.15,0.63,0.99,14.0
1940-04-01,12.27,0.636667,1.00667,14.0
1940-05-01,10.58,0.643333,1.02333,14.0
1940-06-01,9.67,0.65,1.04,14.1
1940-07-01,9.99,0.656667,1.05333,14.0
1940-08-01,10.2,0.663333,1.06667,14.0
1940-09-01,10.63,0.67,1.08,14.0
1940-10-01,10.73,0.67,1.07,14.0
1940-11-01,10.98,0.67,1.06,14.0
1940-12-01,10.53,0.67,1.05,14.1
1941-01-01,10.55,0.673333,1.05333,14.1
1941-02-01,9.89,0.676667,1.05667,14.1
1941-03-01,9.95,0.68,1.06,14.2
1941-04-01,9.64,0.683333,1.07,14.3
1941-05-01,9.43,0.686667,1.08,14.4
1941-06-01,9.76,0.69,1.09,14.7
1941-07-01,10.26,0.693333,1.12333,14.7
1941-08-01,10.21,0.696667,1.15667,14.9
1941-09-01,10.24,0.7,1.19,15.1
1941-10-01,9.83,0.703333,1.18,15.3
1941-11-01,9.37,0.706667,1.17,15.4
1941-12-01,8.76,0.71,1.16,15.5
1942-01-01,8.93,0.703333,1.12,15.7
1942-02-01,8.65,0.696667,1.08,15.8
1942-03-01,8.18,0.69,1.04,16.0
1942-04-01,7.84,0.68,1.02,16.1
1942-05-01,7.93,0.67,1.0,16.3
1942-06-01,8.33,0.66,0.98,16.3
1942-07-01,8.64,0.646667,0.966667,16.4
1942-08-01,8.59,0.633333,0.953333,16.5
1942-09-01,8.68,0.62,0.94,16.5
1942-10-01,9.32,0.61,0.97,16.7
1942-11-01,9.47,0.6,1.0,16.8
1942-12-01,9.52,0.59,1.03,16.9
1943-01-01,10.09,0.59,1.04333,16.9
1943-02-01,10.69,0.59,1.05667,16.9
1943-03-01,11.07,0.59,1.07,17.2
1943-04-01,11.44,0.59,1.08,17.4
1943-05-01,11.89,0.59,1.09,17.5
1943-06-01,12.1,0.59,1.1,17.5
1943-07-01,12.35,0.593333,1.09333,17.4
1943-08-01,11.74,0.596667,1.08667,17.3
1943-09-01,11.99,0.6,1.08,17.4
1943-10-01,11.88,0.603333,1.03333,17.4
1943-11-01,11.33,0.606667,0.986667,17.4
1943-12-01,11.48,0.61,0.94,17.4
1944-01-01,11.85,0.613333,0.936667,17.4
1944-02-01,11.77,0.616667,0.933333,17.4
1944-03-01,12.1,0.62,0.93,17.4
1944-04-01,11.89,0.623333,0.926667,17.5
1944-05-01,12.1,0.626667,0.923333,17.5
1944-06-01,12.67,0.63,0.92,17.6
1944-07-01,13.0,0.633333,0.913333,17.7
1944-08-01,12.81,0.636667,0.906667,17.7
1944-09-01,12.6,0.64,0.9,17.7
1944-10-01,12.91,0.64,0.91,17.7
1944-11-01,12.82,0.64,0.92,17.7
1944-12-01,13.1,0.64,0.93,17.8
1945-01-01,13.49,0.643333,0.94,17.8
1945-02-01,13.94,0.646667,0.95,17.8
1945-03-01,13.93,0.65,0.96,17.8
1945-04-01,14.28,0.65,0.973333,17.8
1945-05-01,14.82,0.65,0.986667,17.9
1945-06-01,15.09,0.65,1.0,18.1
1945-07-01,14.78,0.653333,0.996667,18.1
1945-08-01,14.83,0.656667,0.993333,18.1
1945-09-01,15.84,0.66,0.99,18.1
1945-10-01,16.5,0.66,0.98,18.1
1945-11-01,17.04,0.66,0.97,18.1
1945-12-01,17.33,0.66,0.96,18.2
1946-01-01,18.02,0.666667,0.94,18.2
1946-02-01,18.07,0.673333,0.92,18.1
1946-03-01,17.53,0.68,0.9,18.3
1946-04-01,18.66,0.68,0.88,18.4
1946-05-01,18.7,0.68,0.86,18.5
1946-06-01,18.58,0.68,0.84,18.7
1946-07-01,18.05,0.683333,0.856667,19.8
1946-08-01,17.7,0.686667,0.873333,20.2
1946-09-01,15.09,0.69,0.89,20.4
1946-10-01,14.75,0.696667,0.946667,20.8
1946-11-01,14.69,0.703333,1.00333,21.3
1946-12-01,15.13,0.71,1.06,21.5
1947-01-01,15.21,0.713333,1.13,21.5
1947-02-01,15.8,0.716667,1.2,21.5
1947-03-01,15.16,0.72,1.27,21.9
1947-04-01,14.6,0.733333,1.32667,21.9
1947-05-01,14.34,0.746667,1.38333,21.9
1947-06-01,14.84,0.76,1.44,22.0
1947-07-01,15.77,0.77,1.47667,22.2
1947-08-01,15.46,0.78,1.51333,22.5
1947-09-01,15.06,0.79,1.55,23.0
1947-10-01,15.45,0.806667,1.57,23.0
1947-11-01,15.27,0.823333,1.59,23.1
1947-12-01,15.03,0.84,1.61,23.4
1948-01-01,14.83,0.843333,1.64333,23.7
1948-02-01,14.1,0.846667,1.67667,23.5
1948-03-01,14.3,0.85,1.71,23.4
1948-04-01,15.4,0.85,1.76,23.8
1948-05-01,16.15,0.85,1.81,23.9
1948-06-01,16.82,0.85,1.86,24.1
1948-07-01,16.42,0.856667,1.93,24.4
1948-08-01,15.94,0.863333,2.0,24.5
1948-09-01,15.76,0.87,2.07,24.5
1948-10-01,16.19,0.89,2.14333,24.4
1948-11-01,15.29,0.91,2.21667,24.2
1948-12-01,15.19,0.93,2.29,24.1
1949-01-01,15.36,0.946667,2.32,24.0
1949-02-01,14.77,0.963333,2.35,23.8
1949-03-01,14.91,0.98,2.38,23.8
1949-04-01,14.89,0.993333,2.38667,23.9
1949-05-01,14.78,1.00667,2.39333,23.8
1949-06-01,13.97,1.02,2.4,23.9
1949-07-01,14.76,1.02667,2.39667,23.7
1949-08-01,15.29,1.03333,2.39333,23.8
1949-09-01,15.49,1.04,2.39,23.9
1949-10-01,15.89,1.07333,2.36667,23.7
1949-11-01,16.11,1.10667,2.34333,23.8
1949-12-01,16.54,1.14,2.32,23.6
1950-01-01,16.88,1.15,2.33667,23.5
1950-02-01,17.21,1.16,2.35333,23.5
1950-03-01,17.35,1.17,2.37,23.6
1950-04-01,17.84,1.18,2.42667,23.6
1950-05-01,18.44,1.19,2.48333,23.7
1950-06-01,18.74,1.2,2.54,23.8
1950-07-01,17.38,1.24333,2.6,24.1
1950-08-01,18.43,1.28667,2.66,24.3
1950-09-01,19.08,1.33,2.72,24.4
1950-10-01,19.87,1.37667,2.76,24.6
1950-11-01,19.83,1.42333,2.8,24.7
1950-12-01,19.75,1.47,2.84,25.0
1951-01-01,21.21,1.48667,2.83667,25.4
1951-02-01,22.0,1.50333,2.83333,25.7
1951-03-01,21.63,1.52,2.83,25.8
1951-04-01,21.92,1.53333,2.79333,25.8
1951-05-01,21.93,1.54667,2.75667,25.9
1951-06-01,21.55,1.56,2.72,25.9
1951-07-01,21.93,1.54667,2.65,25.9
1951-08-01,22.89,1.53333,2.58,25.9
1951-09-01,23.48,1.52,2.51,26.1
1951-10-01,23.36,1.48333,2.48667,26.2
1951-11-01,22.71,1.44667,2.46333,26.4
1951-12-01,23.41,1.41,2.44,26.5
1952-01-01,24.19,1.41333,2.42667,26.5
1952-02-01,23.75,1.41667,2.41333,26.3
1952-03-01,23.81,1.42,2.4,26.3
1952-04-01,23.74,1.43,2.38,26.4
1952-05-01,23.73,1.44,2.36,26.4
1952-06-01,24.38,1.45,2.34,26.5
1952-07-01,25.08,1.45,2.34667,26.7
1952-08-01,25.18,1.45,2.35333,26.7
1952-09-01,24.78,1.45,2.36,26.7
1952-10-01,24.26,1.43667,2.37333,26.7
1952-11-01,25.03,1.42333,2.38667,26.7
1952-12-01,26.04,1.41,2.4,26.7
1953-01-01,26.18,1.41,2.41,26.6
1953-02-01,25.86,1.41,2.42,26.5
1953-03-01,25.99,1.41,2.43,26.6
1953-04-01,24.71,1.41333,2.45667,26.6
1953-05-01,24.84,1.41667,2.48333,26.7
1953-06-01,23.95,1.42,2.51,26.8
1953-07-01,24.29,1.42,2.52333,26.8
1953-08-01,24.39,1.42,2.53667,26.9
1953-09-01,23.27,1.42,2.55,26.9
1953-10-01,23.97,1.43,2.53667,27.0
1953-11-01,24.5,1.44,2.52333,26.9
1953-12-01,24.83,1.45,2.51,26.9
1954-01-01,25.46,1.45667,2.52333,26.9
1954-02-01,26.02,1.46333,2.53667,26.9
1954-03-01,26.57,1.47,2.55,26.9
1954-04-01,27.63,1.46333,2.57333,26.8
1954-05-01,28.73,1.45667,2.59667,26.9
1954-06-01,28.96,1.45,2.62,26.9
1954-07-01,30.13,1.45667,2.62333,26.9
1954-08-01,30.73,1.46333,2.62667,26.9
1954-09-01,31.45,1.47,2.63,26.8
1954-10-01,32.18,1.49333,2.67667,26.8
1954-11-01,33.44,1.51667,2.72333,26.8
1954-12-01,34.97,1.54,2.77,26.7
1955-01-01,35.6,1.54667,2.83333,26.7
1955-02-01,36.79,1.55333,2.89667,26.7
1955-03-01,36.5,1.56,2.96,26.7
1955-04-01,37.76,1.56333,3.04667,26.7
1955-05-01,37.6,1.56667,3.13333,26.7
1955-06-01,39.78,1.57,3.22,26.7
1955-07-01,42.69,1.58667,3.29333,26.8
1955-08-01,42.43,1.60333,3.36667,26.8
1955-09-01,44.34,1.62,3.44,26.9
1955-10-01,42.11,1.62667,3.5,26.9
1955-11-01,44.95,1.63333,3.56,26.9
1955-12-01,45.37,1.64,3.62,26.8
1956-01-01,44.15,1.67,3.64333,26.8
1956-02-01,44.43,1.7,3.66667,26.8
1956-03-01,47.49,1.73,3.69,26.8
1956-04-01,48.05,1.75333,3.66,26.9
1956-05-01,46.54,1.77667,3.63,27.0
1956-06-01,46.27,1.8,3.6,27.2
1956-07-01,48.78,1.81333,3.55333,27.4
1956-08-01,48.49,1.82667,3.50667,27.3
1956-09-01,46.84,1.84,3.46,27.4
1956-10-01,46.24,1.80667,3.44333,27.5
1956-11-01,45.76,1.77333,3.42667,27.5
1956-12-01,46.44,1.74,3.41,27.6
1957-01-01,45.43,1.73667,3.40667,27.6
1957-02-01,43.47,1.73333,3.40333,27.7
1957-03-01,44.03,1.73,3.4,27.8
1957-04-01,45.05,1.73,3.40667,27.9
1957-05-01,46.78,1.73,3.41333,28.0
1957-06-01,47.55,1.73,3.42,28.1
1957-07-01,48.51,1.74,3.43667,28.3
1957-08-01,45.84,1.75,3.45333,28.3
1957-09-01,43.98,1.76,3.47,28.3
1957-10-01,41.24,1.77,3.43667,28.3
1957-11-01,40.35,1.78,3.40333,28.4
1957-12-01,40.33,1.79,3.37,28.4
1958-01-01,41.12,1.78333,3.29333,28.6
1958-02-01,41.26,1.77667,3.21667,28.6
1958-03-01,42.11,1.77,3.14,28.8
1958-04-01,42.34,1.75667,3.07,28.9
1958-05-01,43.7,1.74333,3.0,28.9
1958-06-01,44.75,1.73,2.93,28.9
1958-07-01,45.98,1.73,2.91333,29.0
1958-08-01,47.7,1.73,2.89667,28.9
1958-09-01,48.96,1.73,2.88,28.9
1958-10-01,50.95,1.73667,2.88333,28.9
1958-11-01,52.5,1.74333,2.88667,29.0
1958-12-01,53.49,1.75,2.89,28.9
1959-01-01,55.62,1.75667,2.96333,29.0
1959-02-01,54.77,1.76333,3.03667,28.9
1959-03-01,56.16,1.77,3.11,28.9
1959-04-01,57.1,1.77667,3.20667,29.0
1959-05-01,57.96,1.78333,3.30333,29.0
1959-06-01,57.46,1.79,3.4,29.1
1959-07-01,59.74,1.79667,3.41,29.2
1959-08-01,59.4,1.80333,3.42,29.2
1959-09-01,57.05,1.81,3.43,29.3
1959-10-01,57.0,1.81667,3.41667,29.4
1959-11-01,57.23,1.82333,3.40333,29.4
1959-12-01,59.06,1.83,3.39,29.4
1960-01-01,58.03,1.86667,3.39,29.3
1960-02-01,55.78,1.90333,3.39,29.4
1960-03-01,55.02,1.94,3.39,29.4
1960-04-01,55.73,1.94333,3.34667,29.5
1960-05-01,55.22,1.94667,3.30333,29.5
1960-06-01,57.26,1.95,3.26,29.6
1960-07-01,55.84,1.95,3.26333,29.6
1960-08-01,56.51,1.95,3.26667,29.6
1960-09-01,54.81,1.95,3.27,29.6
1960-10-01,53.73,1.95,3.27,29.8
1960-11-01,55.47,1.95,3.27,29.8
1960-12-01,56.8,1.95,3.27,29.8
1961-01-01,59.72,1.94667,3.21,29.8
1961-02-01,62.17,1.94333,3.15,29.8
1961-03-01,64.12,1.94,3.09,29.8
1961-04-01,65.83,1.94,3.07,29.8
1961-05-01,66.5,1.94,3.05,29.8
1961-06-01,65.62,1.94,3.03,29.8
1961-07-01,65.44,1.94667,3.03667,30.0
1961-08-01,67.79,1.95333,3.04333,29.9
1961-09-01,67.26,1.96,3.05,30.0
1961-10-01,68.0,1.98,3.09667,30.0
1961-11-01,71.08,2.0,3.14333,30.0
1961-12-01,71.74,2.02,3.19,30.0
1962-01-01,69.07,2.02667,3.25,30.0
1962-02-01,70.22,2.03333,3.31,30.1
1962-03-01,70.29,2.04,3.37,30.1
1962-04-01,68.05,2.04667,3.40333,30.2
1962-05-01,62.99,2.05333,3.43667,30.2
1962-06-01,55.63,2.06,3.47,30.2
1962-07-01,56.97,2.06667,3.49,30.3
1962-08-01,58.52,2.07333,3.51,30.3
1962-09-01,58.0,2.08,3.53,30.4
1962-10-01,56.17,2.09667,3.57667,30.4
1962-11-01,60.04,2.11333,3.62333,30.4
1962-12-01,62.64,2.13,3.67,30.4
1963-01-01,65.06,2.13667,3.68333,30.4
1963-02-01,65.92,2.14333,3.69667,30.4
1963-03-01,65.67,2.15,3.71,30.5
1963-04-01,68.76,2.16667,3.75333,30.5
1963-05-01,70.14,2.18333,3.79667,30.5
1963-06-01,70.11,2.2,3.84,30.6
1963-07-01,69.07,2.20333,3.88,30.7
1963-08-01,70.98,2.20667,3.92,30.7
1963-09-01,72.85,2.21,3.96,30.7
1963-10-01,73.03,2.23333,3.98,30.8
1963-11-01,72.62,2.25667,4.0,30.8
1963-12-01,74.17,2.28,4.02,30.9
1964-01-01,76.45,2.29667,4.07333,30.9
1964-02-01,77.39,2.31333,4.12667,30.9
1964-03-01,78.8,2.33,4.18,30.9
1964-04-01,79.94,2.34667,4.23,30.9
1964-05-01,80.72,2.36333,4.28,30.9
1964-06-01,80.24,2.38,4.33,31.0
1964-07-01,83.22,2.4,4.37667,31.1
1964-08-01,82.0,2.42,4.42333,31.0
1964-09-01,83.41,2.44,4.47,31.1
1964-10-01,84.85,2.46,4.49667,31.1
1964-11-01,85.44,2.48,4.52333,31.2
1964-12-01,83.96,2.5,4.55,31.2
1965-01-01,86.12,2.51667,4.59333,31.2
1965-02-01,86.75,2.53333,4.63667,31.2
1965-03-01,86.83,2.55,4.68,31.3
1965-04-01,87.97,2.57,4.73333,31.4
1965-05-01,89.28,2.59,4.78667,31.4
1965-06-01,85.04,2.61,4.84,31.6
1965-07-01,84.91,2.62667,4.88667,31.6
1965-08-01,86.49,2.64333,4.93333,31.6
1965-09-01,89.38,2.66,4.98,31.6
1965-10-01,91.39,2.68,5.05,31.7
1965-11-01,92.15,2.7,5.12,31.7
1965-12-01,91.73,2.72,5.19,31.8
1966-01-01,93.32,2.74,5.24,31.8
1966-02-01,92.69,2.76,5.29,32.0
1966-03-01,88.88,2.78,5.34,32.1
1966-04-01,91.6,2.79667,5.38,32.3
1966-05-01,86.78,2.81333,5.42,32.3
1966-06-01,86.06,2.83,5.46,32.4
1966-07-01,85.84,2.85,5.47667,32.5
1966-08-01,80.65,2.87,5.49333,32.7
1966-09-01,77.81,2.89,5.51,32.7
1966-10-01,77.13,2.88333,5.52333,32.9
1966-11-01,80.99,2.87667,5.53667,32.9
1966-12-01,81.33,2.87,5.55,32.9
1967-01-01,84.45,2.88,5.51667,32.9
1967-02-01,87.36,2.89,5.48333,32.9
1967-03-01,89.42,2.9,5.45,33.0
1967-04-01,90.96,2.9,5.41,33.1
1967-05-01,92.59,2.9,5.37,33.2
1967-06-01,91.43,2.9,5.33,33.3
1967-07-01,93.01,2.90667,5.32,33.4
1967-08-01,94.49,2.91333,5.31,33.5
1967-09-01,95.81,2.92,5.3,33.6
1967-10-01,95.66,2.92,5.31,33.7
1967-11-01,92.66,2.92,5.32,33.8
1967-12-01,95.3,2.92,5.33,33.9
1968-01-01,95.04,2.93,5.36667,34.1
1968-02-01,90.75,2.94,5.40333,34.2
1968-03-01,89.09,2.95,5.44,34.3
1968-04-01,95.67,2.96333,5.48333,34.4
1968-05-01,97.87,2.97667,5.52667,34.5
1968-06-01,100.5,2.99,5.57,34.7
1968-07-01,100.3,3.00333,5.6,34.9
1968-08-01,98.11,3.01667,5.63,35.0
1968-09-01,101.3,3.03,5.66,35.1
1968-10-01,103.8,3.04333,5.69333,35.3
1968-11-01,105.4,3.05667,5.72667,35.4
1968-12-01,106.5,3.07,5.76,35.5
1969-01-01,102.0,3.08,5.78,35.6
1969-02-01,101.5,3.09,5.8,35.8
1969-03-01,99.3,3.1,5.82,36.1
1969-04-01,101.3,3.11,5.82667,36.3
1969-05-01,104.6,3.12,5.83333,36.4
1969-06-01,99.14,3.13,5.84,36.6
1969-07-01,94.71,3.13667,5.85667,36.8
1969-08-01,94.18,3.14333,5.87333,37.0
1969-09-01,94.51,3.15,5.89,37.1
1969-10-01,95.52,3.15333,5.85333,37.3
1969-11-01,96.21,3.15667,5.81667,37.5
1969-12-01,91.11,3.16,5.78,37.7
1970-01-01,90.31,3.16333,5.73,37.8
1970-02-01,87.16,3.16667,5.68,38.0
1970-03-01,88.65,3.17,5.63,38.2
1970-04-01,85.95,3.17333,5.59333,38.5
1970-05-01,76.06,3.17667,5.55667,38.6
1970-06-01,75.59,3.18,5.52,38.8
1970-07-01,75.72,3.18333,5.46667,39.0
1970-08-01,77.92,3.18667,5.41333,39.0
1970-09-01,82.58,3.19,5.36,39.2
1970-10-01,84.37,3.17333,5.28333,39.4
1970-11-01,84.28,3.15667,5.20667,39.6
1970-12-01,90.05,3.14,5.13,39.8
1971-01-01,93.49,3.13,5.16,39.8
1971-02-01,97.11,3.12,5.19,39.9
1971-03-01,99.6,3.11,5.22,40.0
1971-04-01,103.0,3.10667,5.25333,40.1
1971-05-01,101.6,3.10333,5.28667,40.3
1971-06-01,99.72,3.1,5.32,40.6
1971-07-01,99.0,3.09667,5.35667,40.7
1971-08-01,97.24,3.09333,5.39333,40.8
1971-09-01,99.4,3.09,5.43,40.8
1971-10-01,97.29,3.08333,5.52,40.9
1971-11-01,92.78,3.07667,5.61,40.9
1971-12-01,99.17,3.07,5.7,41.1
1972-01-01,103.3,3.07,5.73667,41.1
1972-02-01,105.2,3.07,5.77333,41.3
1972-03-01,107.7,3.07,5.81,41.4
1972-04-01,108.8,3.07,5.86333,41.5
1972-05-01,107.7,3.07,5.91667,41.6
1972-06-01,108.0,3.07,5.97,41.7
1972-07-01,107.2,3.07333,6.02667,41.9
1972-08-01,111.0,3.07667,6.08333,42.0
1972-09-01,109.4,3.08,6.14,42.1
1972-10-01,109.6,3.10333,6.23333,42.3
1972-11-01,115.1,3.12667,6.32667,42.4
1972-12-01,117.5,3.15,6.42,42.5
1973-01-01,118.4,3.15667,6.54667,42.6
1973-02-01,114.2,3.16333,6.67333,42.9
1973-03-01,112.4,3.17,6.8,43.3
1973-04-01,110.3,3.18667,6.94333,43.6
1973-05-01,107.2,3.20333,7.08667,43.9
1973-06-01,104.8,3.22,7.23,44.2
1973-07-01,105.8,3.23667,7.38333,44.3
1973-08-01,103.8,3.25333,7.53667,45.1
1973-09-01,105.6,3.27,7.69,45.2
1973-10-01,109.8,3.30667,7.84667,45.6
1973-11-01,102.0,3.34333,8.00333,45.9
1973-12-01,94.78,3.38,8.16,46.2
1974-01-01,96.11,3.4,8.22667,46.6
1974-02-01,93.45,3.42,8.29333,47.2
1974-03-01,97.44,3.44,8.36,47.8
1974-04-01,92.46,3.46,8.48667,48.0
1974-05-01,89.67,3.48,8.61333,48.6
1974-06-01,89.79,3.5,8.74,49.0
1974-07-01,79.31,3.53,8.86333,49.4
1974-08-01,76.03,3.56,8.98667,50.0
1974-09-01,68.12,3.59,9.11,50.6
1974-10-01,69.44,3.59333,9.03667,51.1
1974-11-01,71.74,3.59667,8.96333,51.5
1974-12-01,67.07,3.6,8.89,51.9
1975-01-01,72.56,3.62333,8.74333,52.1
1975-02-01,80.1,3.64667,8.59667,52.5
1975-03-01,83.78,3.67,8.45,52.7
1975-04-01,84.72,3.68333,8.28667,52.9
1975-05-01,90.1,3.69667,8.12333,53.2
1975-06-01,92.4,3.71,7.96,53.6
1975-07-01,92.49,3.71,7.89333,54.2
1975-08-01,85.71,3.71,7.82667,54.3
1975-09-01,84.67,3.71,7.76,54.6
1975-10-01,88.57,3.7,7.82667,54.9
1975-11-01,90.07,3.69,7.89333,55.3
1975-12-01,88.7,3.68,7.96,55.5
1976-01-01,96.86,3.68333,8.19333,55.6
1976-02-01,100.6,3.68667,8.42667,55.8
1976-03-01,101.1,3.69,8.66,55.9
1976-04-01,101.9,3.71333,8.85667,56.1
1976-05-01,101.2,3.73667,9.05333,56.5
1976-06-01,101.8,3.76,9.25,56.8
1976-07-01,104.2,3.79,9.35,57.1
1976-08-01,103.3,3.82,9.45,57.4
1976-09-01,105.5,3.85,9.55,57.6
1976-10-01,101.9,3.91667,9.67,57.9
1976-11-01,101.2,3.98333,9.79,58.0
1976-12-01,104.7,4.05,9.91,58.2
1977-01-01,103.8,4.09667,9.96667,58.5
1977-02-01,101.0,4.14333,10.0233,59.1
1977-03-01,100.6,4.19,10.08,59.5
1977-04-01,99.05,4.24667,10.1933,60.0
1977-05-01,98.76,4.30333,10.3067,60.3
1977-06-01,99.29,4.36,10.42,60.7
1977-07-01,100.2,4.40667,10.5167,61.0
1977-08-01,97.75,4.45333,10.6133,61.2
1977-09-01,96.23,4.5,10.71,61.4
1977-10-01,93.74,4.55667,10.77,61.6
1977-11-01,94.28,4.61333,10.83,61.9
1977-12-01,93.82,4.67,10.89,62.1
1978-01-01,90.25,4.71333,10.9,62.5
1978-02-01,88.98,4.75667,10.91,62.9
1978-03-01,88.82,4.8,10.92,63.4
1978-04-01,92.71,4.83667,11.0233,63.9
1978-05-01,97.41,4.87333,11.1267,64.5
1978-06-01,97.66,4.91,11.23,65.2
1978-07-01,97.19,4.94667,11.3433,65.7
1978-08-01,103.9,4.98333,11.4567,66.0
1978-09-01,103.9,5.02,11.57,66.5
1978-10-01,100.6,5.03667,11.8233,67.1
1978-11-01,94.71,5.05333,12.0767,67.4
1978-12-01,96.11,5.07,12.33,67.7
1979-01-01,99.71,5.11333,12.6533,68.3
1979-02-01,98.23,5.15667,12.9767,69.1
1979-03-01,100.1,5.2,13.3,69.8
1979-04-01,102.1,5.24667,13.5267,70.6
1979-05-01,99.73,5.29333,13.7533,71.5
1979-06-01,101.7,5.34,13.98,72.3
1979-07-01,102.7,5.39667,14.1967,73.1
1979-08-01,107.4,5.45333,14.4133,73.8
1979-09-01,108.6,5.51,14.63,74.6
1979-10-01,104.5,5.55667,14.7067,75.2
1979-11-01,103.7,5.60333,14.7833,75.9
1979-12-01,107.8,5.65,14.86,76.7
1980-01-01,110.9,5.7,15.0033,77.8
1980-02-01,115.3,5.75,15.1467,78.9
1980-03-01,104.7,5.8,15.29,80.1
1980-04-01,103.0,5.84667,15.1733,81.0
1980-05-01,107.7,5.89333,15.0567,81.8
1980-06-01,114.6,5.94,14.94,82.7
1980-07-01,119.8,5.98333,14.84,82.7
1980-08-01,123.5,6.02667,14.74,83.3
1980-09-01,126.5,6.07,14.64,84.0
1980-10-01,130.2,6.1,14.7,84.8
1980-11-01,135.7,6.13,14.76,85.5
1980-12-01,133.5,6.16,14.82,86.3
1981-01-01,133.0,6.2,14.74,87.0
1981-02-01,128.4,6.24,14.66,87.9
1981-03-01,133.2,6.28,14.58,88.5
1981-04-01,134.4,6.31667,14.7233,89.1
1981-05-01,131.7,6.35333,14.8667,89.8
1981-06-01,132.3,6.39,15.01,90.6
1981-07-01,129.1,6.43333,15.0967,91.6
1981-08-01,129.6,6.47667,15.1833,92.3
1981-09-01,118.3,6.52,15.27,93.2
1981-10-01,119.8,6.55667,15.3,93.4
1981-11-01,122.9,6.59333,15.33,93.7
1981-12-01,123.8,6.63,15.36,94.0
1982-01-01,117.3,6.66,15.1767,94.3
1982-02-01,114.5,6.69,14.9933,94.6
1982-03-01,110.8,6.72,14.81,94.5
1982-04-01,116.3,6.75,14.5967,94.9
1982-05-01,116.4,6.78,14.3833,95.8
1982-06-01,109.7,6.81,14.17,97.0
1982-07-01,109.4,6.82333,13.9667,97.5
1982-08-01,109.7,6.83667,13.7633,97.7
1982-09-01,122.4,6.85,13.56,97.9
1982-10-01,132.7,6.85667,13.2533,98.2
1982-11-01,138.1,6.86333,12.9467,98.0
1982-12-01,139.4,6.87,12.64,97.6
1983-01-01,144.3,6.88333,12.5667,97.8
1983-02-01,146.8,6.89667,12.4933,97.9
1983-03-01,151.9,6.91,12.42,97.9
1983-04-01,157.7,6.92,12.4767,98.6
1983-05-01,164.1,6.93,12.5333,99.2
1983-06-01,166.4,6.94,12.59,99.5
1983-07-01,167.0,6.96,12.8267,99.9
1983-08-01,162.4,6.98,13.0633,100.2
1983-09-01,167.2,7.0,13.3,100.7
1983-10-01,167.7,7.03,13.5433,101.0
1983-11-01,165.2,7.06,13.7867,101.2
1983-12-01,164.4,7.09,14.03,101.3
1984-01-01,166.4,7.12,14.44,101.9
1984-02-01,157.3,7.15,14.85,102.4
1984-03-01,157.4,7.18,15.26,102.6
1984-04-01,157.6,7.22333,15.5733,103.1
1984-05-01,156.6,7.26667,15.8867,103.4
1984-06-01,153.1,7.31,16.2,103.7
1984-07-01,151.1,7.33333,16.32,104.1
1984-08-01,164.4,7.35667,16.44,104.5
1984-09-01,166.1,7.38,16.56,105.0
1984-10-01,164.8,7.43,16.5867,105.3
1984-11-01,166.3,7.48,16.6133,105.3
1984-12-01,164.5,7.53,16.64,105.3
1985-01-01,171.6,7.57333,16.5567,105.5
1985-02-01,180.9,7.61667,16.4733,106.0
1985-03-01,179.4,7.66,16.39,106.4
1985-04-01,180.6,7.68667,16.13,106.9
1985-05-01,184.9,7.71333,15.87,107.3
1985-06-01,188.9,7.74,15.61,107.6
1985-07-01,192.5,7.77333,15.4833,107.8
1985-08-01,188.3,7.80667,15.3567,108.0
1985-09-01,184.1,7.84,15.23,108.3
1985-10-01,186.2,7.86,15.0233,108.7
1985-11-01,197.5,7.88,14.8167,109.0
1985-12-01,207.3,7.9,14.61,109.3
1986-01-01,208.2,7.94,14.58,109.6
1986-02-01,219.4,7.98,14.55,109.3
1986-03-01,232.3,8.02,14.52,108.8
1986-04-01,238.0,8.04667,14.5833,108.6
1986-05-01,238.5,8.07333,14.6467,108.9
1986-06-01,245.3,8.1,14.71,109.5
1986-07-01,240.2,8.14333,14.7567,109.5
1986-08-01,245.0,8.18667,14.8033,109.7
1986-09-01,238.3,8.23,14.85,110.2
1986-10-01,237.4,8.24667,14.7267,110.3
1986-11-01,245.1,8.26333,14.6033,110.4
1986-12-01,248.6,8.28,14.48,110.5
1987-01-01,264.5,8.3,14.6867,111.2
1987-02-01,280.9,8.32,14.8933,111.6
1987-03-01,292.5,8.34,15.1,112.1
1987-04-01,289.3,8.4,14.8733,112.7
1987-05-01,289.1,8.46,14.6467,113.1
1987-06-01,301.4,8.52,14.42,113.5
1987-07-01,310.1,8.56667,14.9,113.8
1987-08-01,329.4,8.61333,15.38,114.4
1987-09-01,318.7,8.66,15.86,115.0
1987-10-01,280.2,8.71,16.4067,115.3
1987-11-01,245.0,8.76,16.9533,115.4
1987-12-01,241.0,8.81,17.5,115.4
1988-01-01,250.5,8.85667,17.8633,115.7
1988-02-01,258.1,8.90333,18.2267,116.0
1988-03-01,265.7,8.95,18.59,116.5
1988-04-01,262.6,9.04333,19.6167,117.1
1988-05-01,256.1,9.13667,20.6433,117.5
1988-06-01,270.7,9.23,21.67,118.0
1988-07-01,269.1,9.30667,22.0233,118.5
1988-08-01,263.7,9.38333,22.3767,119.0
1988-09-01,268.0,9.46,22.73,119.8
1988-10-01,277.4,9.55,23.0733,120.2
1988-11-01,271.0,9.64,23.4167,120.3
1988-12-01,276.5,9.75,23.75,120.5
1989-01-01,285.4,9.81333,24.16,121.1
1989-02-01,294.0,9.89667,24.56,121.6
1989-03-01,292.7,10.01,24.96,122.3
1989-04-01,302.3,10.0867,25.0467,123.1
1989-05-01,313.9,10.1933,25.1333,123.8
1989-06-01,323.7,10.37,25.22,124.1
1989-07-01,331.9,10.4233,24.71,124.4
1989-08-01,346.6,10.5467,24.2,124.6
1989-09-01,347.3,10.73,23.69,125.0
1989-10-01,347.4,10.7967,23.4267,125.6
1989-11-01,340.2,10.9233,23.1633,125.9
1989-12-01,348.6,11.06,22.87,126.1
1990-01-01,339.97,11.14,22.49,127.4
1990-02-01,330.45,11.23,22.08,128.0
1990-03-01,338.46,11.32,21.67,128.7
1990-04-01,338.18,11.4367,21.5333,128.9
1990-05-01,350.25,11.5533,21.3967,129.2
1990-06-01,360.39,11.66,21.26,129.9
1990-07-01,360.03,11.7267,21.42,130.4
1990-08-01,330.75,11.7833,21.58,131.6
1990-09-01,315.41,11.83,21.74,132.7
1990-10-01,307.12,11.9267,21.6067,133.5
1990-11-01,315.29,12.0133,21.4733,133.8
1990-12-01,328.75,12.09,21.34,133.8
1991-01-01,325.49,12.1067,21.1833,134.6
1991-02-01,362.26,12.1133,21.0267,134.8
1991-03-01,372.28,12.11,20.94,135.0
1991-04-01,379.68,12.13,20.3633,135.2
1991-05-01,377.99,12.14,19.8567,135.6
1991-06-01,378.29,12.15,19.41,136.0
1991-07-01,380.23,12.1933,18.84,136.2
1991-08-01,389.4,12.2367,18.33,136.6
1991-09-01,387.2,12.28,17.82,137.2
1991-10-01,386.88,12.2533,17.2033,137.4
1991-11-01,385.92,12.2267,16.5867,137.8
1991-12-01,388.51,12.2,15.97,137.9
1992-01-01,416.08,12.24,16.0467,138.1
1992-02-01,412.56,12.28,16.1233,138.6
1992-03-01,407.36,12.32,16.19,139.3
1992-04-01,407.41,12.32,16.4833,139.5
1992-05-01,414.81,12.32,16.7667,139.7
1992-06-01,408.27,12.32,17.05,140.2
1992-07-01,415.05,12.3433,17.38,140.5
1992-08-01,417.93,12.3667,17.71,140.9
1992-09-01,418.48,12.4,18.04,141.3
1992-10-01,412.5,12.3867,18.39,141.8
1992-11-01,422.84,12.3833,18.74,142.0
1992-12-01,435.64,12.39,19.09,141.9
1993-01-01,435.23,12.4133,19.34,142.6
1993-02-01,441.7,12.4467,19.59,143.1
1993-03-01,450.16,12.48,19.84,143.6
1993-04-01,443.08,12.4933,19.67,144.0
1993-05-01,445.25,12.5067,19.5,144.2
1993-06-01,448.06,12.52,19.33,144.4
1993-07-01,447.29,12.52,19.69,144.4
1993-08-01,454.13,12.52,20.05,144.8
1993-09-01,459.24,12.52,20.41,145.1
1993-10-01,463.9,12.54,20.9,145.7
1993-11-01,462.89,12.56,21.39,145.8
1993-12-01,465.95,12.58,21.89,145.8
1994-01-01,472.99,12.6233,22.1567,146.2
1994-02-01,471.58,12.6667,22.4333,146.7
1994-03-01,463.81,12.71,22.71,147.2
1994-04-01,447.23,12.7533,23.54,147.4
1994-05-01,450.9,12.7967,24.37,147.5
1994-06-01,454.83,12.84,25.2,148.0
1994-07-01,451.4,12.87,25.91,148.4
1994-08-01,464.24,12.9,26.62,149.0
1994-09-01,466.96,12.92,27.33,149.4
1994-10-01,463.81,13.0133,28.42,149.5
1994-11-01,461.01,13.0967,29.51,149.7
1994-12-01,455.19,13.17,30.6,149.7
1995-01-01,465.25,13.18,31.25,150.3
1995-02-01,481.92,13.18,31.9,150.9
1995-03-01,493.15,13.17,32.55,151.4
1995-04-01,507.91,13.2433,33.1767,151.9
1995-05-01,523.81,13.3067,33.8033,152.2
1995-06-01,539.35,13.36,34.43,152.5
1995-07-01,557.37,13.44,34.68,152.5
1995-08-01,559.11,13.51,34.93,152.9
1995-09-01,578.77,13.58,35.18,153.2
1995-10-01,582.92,13.65,34.7733,153.7
1995-11-01,595.53,13.72,34.3667,153.6
1995-12-01,614.57,13.79,33.96,153.5
1996-01-01,614.42,13.8933,33.9867,154.4
1996-02-01,649.54,13.9967,34.0133,154.9
1996-03-01,647.07,14.1,34.04,155.7
1996-04-01,647.17,14.1567,34.33,156.3
1996-05-01,661.23,14.2133,34.62,156.6
1996-06-01,668.5,14.27,34.91,156.7
1996-07-01,644.07,14.4,35.2733,157.0
1996-08-01,662.68,14.53,35.6367,157.3
1996-09-01,674.88,14.66,36.0,157.8
1996-10-01,701.46,14.74,36.91,158.3
1996-11-01,735.67,14.82,37.82,158.6
1996-12-01,743.25,14.9,38.73,158.6
1997-01-01,766.22,14.9533,39.2333,159.1
1997-02-01,798.39,15.0067,39.7367,159.6
1997-03-01,792.16,15.06,40.24,160.0
1997-04-01,763.93,15.0933,40.3433,160.2
1997-05-01,833.09,15.1267,40.4467,160.1
1997-06-01,876.29,15.16,40.55,160.3
1997-07-01,925.29,15.2167,40.58,160.5
1997-08-01,927.24,15.2733,40.61,160.8
1997-09-01,937.02,15.33,40.64,161.2
1997-10-01,951.16,15.3867,40.3333,161.6
1997-11-01,938.92,15.4433,40.0267,161.5
1997-12-01,962.37,15.5,39.72,161.3
1998-01-01,963.36,15.55,39.66,161.6
1998-02-01,1023.74,15.6,39.6,161.9
1998-03-01,1076.83,15.64,39.54,162.2
1998-04-01,1112.2,15.75,39.35,162.5
1998-05-01,1108.42,15.85,39.16,162.8
1998-06-01,1108.39,15.95,38.97,163.0
1998-07-01,1156.58,16.0167,38.6767,163.2
1998-08-01,1074.62,16.0833,38.3833,163.4
1998-09-01,1020.64,16.14,38.09,163.6
1998-10-01,1032.47,16.1667,37.9633,164.0
1998-11-01,1144.43,16.1833,37.8367,164.0
1998-12-01,1190.05,16.2,37.71,163.9
1999-01-01,1248.77,16.28333333,37.93333333,164.3
1999-02-01,1246.58,16.36666667,38.15666667,164.5
1999-03-01,1281.66,16.45,38.38,165.0
1999-04-01,1334.76,16.45,39.26,166.2
1999-05-01,1332.07,16.45,40.14,166.2
1999-06-01,1322.55,16.45,41.02,166.2
1999-07-01,1380.99,16.513333333333335,42.0,166.7
1999-08-01,1327.49,16.576666666666668,42.98,167.1
1999-09-01,1318.17,16.64,43.96,167.9
1999-10-01,1300.01,16.656666666666666,45.36333333333334,168.2
1999-11-01,1391.0,16.673333333333332,46.76666666666667,168.3
1999-12-01,1428.68,16.69,48.17,168.3
2000-01-01,1425.59,16.713333333333335,49.09666666666667,168.8
2000-02-01,1388.87,16.736666666666668,50.02333333333333,169.8
2000-03-01,1442.21,16.76,50.95,171.2
2000-04-01,1461.36,16.740000000000002,51.27333333333333,171.3
2000-05-01,1418.48,16.72,51.59666666666667,171.5
2000-06-01,1461.96,16.7,51.92,172.4
2000-07-01,1473.0,16.583333333333332,52.51333333333334,172.8
2000-08-01,1485.46,16.46666666666667,53.10666666666666,172.8
2000-09-01,1468.05,16.35,53.7,173.7
2000-10-01,1390.14,16.323333333333334,52.46666666666667,174.0
2000-11-01,1378.04,16.296666666666667,51.23333333333333,174.1
2000-12-01,1330.93,16.27,50.0,174.0
2001-01-01,1335.63,16.169999999999998,48.48,175.1
2001-02-01,1305.75,16.07,46.96,175.8
2001-03-01,1185.85,15.97,45.44,176.2
2001-04-01,1189.84,15.876666666666665,42.556666666666665,176.9
2001-05-01,1270.37,15.783333333333331,39.67333333333333,177.7
2001-06-01,1238.71,15.69,36.79,178.0
2001-07-01,1204.45,15.706666666666667,33.96333333333333,177.5
2001-08-01,1178.5,15.723333333333333,31.136666666666667,177.5
2001-09-01,1044.64,15.74,28.31,178.3
2001-10-01,1076.59,15.740000000000002,27.103333333333335,177.7
2001-11-01,1129.68,15.740000000000002,25.896666666666665,177.4
2001-12-01,1144.93,15.74,24.69,176.7
2002-01-01,1140.21,15.736666666666668,24.69333333333333,177.1
2002-02-01,1100.67,15.733333333333334,24.69666666666667,177.8
2002-03-01,1153.79,15.73,24.7,178.8
2002-04-01,1111.93,15.833333333333332,25.38,179.8
2002-05-01,1079.25,15.936666666666667,26.06,179.8
2002-06-01,1014.02,16.04,26.74,179.9
2002-07-01,903.59,15.96,27.84,180.1
2002-08-01,912.55,15.879999999999999,28.939999999999998,180.7
2002-09-01,867.81,15.8,30.04,181.0
2002-10-01,854.63,15.89,29.223333333333333,181.3
2002-11-01,909.93,15.98,28.406666666666666,181.3
2002-12-01,899.18,16.07,27.59,180.9
2003-01-01,895.84,16.119999999999997,28.5,181.7
2003-02-01,837.03,16.169999999999998,29.41,183.1
2003-03-01,846.63,16.22,30.32,184.2
2003-04-01,890.03,16.203333333333333,31.73,183.8
2003-05-01,935.96,16.186666666666667,33.13999999999999,183.5
2003-06-01,988.0,16.17,34.55,183.7
2003-07-01,992.54,16.310000000000002,35.89333333333333,183.9
2003-08-01,989.53,16.450000000000003,37.236666666666665,184.6
2003-09-01,1019.44,16.59,38.58,185.2
2003-10-01,1038.73,16.85666666666667,41.96666666666667,185.0
2003-11-01,1049.9,17.123333333333335,45.35333333333333,184.5
2003-12-01,1080.64,17.39,48.74,184.3
2004-01-01,1132.52,17.6,49.826666666666675,185.2
2004-02-01,1143.36,17.810000000000002,50.913333333333334,186.2
2004-03-01,1123.98,18.02,52.0,187.4
2004-04-01,1133.36,18.213333333333335,53.38333333333333,188.0
2004-05-01,1102.78,18.406666666666666,54.76666666666667,189.1
2004-06-01,1132.76,18.6,56.15,189.7
2004-07-01,1105.85,18.78666666666667,56.69,189.4
2004-08-01,1088.94,18.973333333333333,57.23,189.5
2004-09-01,1117.66,19.16,57.77,189.9
2004-10-01,1117.21,19.253333333333334,58.03,190.9
2004-11-01,1168.94,19.346666666666668,58.29,191.0
2004-12-01,1199.21,19.44,58.55,190.3
2005-01-01,1181.41,19.703333333333333,59.10666666666666,190.7
2005-02-01,1199.63,19.96666666666667,59.663333333333334,191.8
2005-03-01,1194.9,20.23,60.22,193.3
2005-04-01,1164.43,20.46333333333333,61.23333333333333,194.6
2005-05-01,1178.28,20.696666666666665,62.24666666666667,194.4
2005-06-01,1202.25,20.93,63.26,194.5
2005-07-01,1222.24,21.11,64.33,195.4
2005-08-01,1224.27,21.29,65.39999999999999,196.4
2005-09-01,1225.92,21.47,66.47,198.8
2005-10-01,1191.96,21.72,67.58999999999999,199.2
2005-11-01,1237.37,21.97,68.71,197.6
2005-12-01,1262.07,22.22,69.83,196.8
2006-01-01,1278.73,22.406666666666666,70.77666666666666,198.3
2006-02-01,1276.65,22.593333333333334,71.72333333333334,198.7
2006-03-01,1293.74,22.78,72.67,199.8
2006-04-01,1302.17,23.0,73.27666666666666,201.5
2006-05-01,1290.01,23.22,73.88333333333333,202.5
2006-06-01,1253.17,23.44,74.49,202.9
2006-07-01,1260.24,23.66,75.85,203.5
2006-08-01,1287.15,23.88,77.21,203.9
2006-09-01,1317.74,24.1,78.57,202.9
2006-10-01,1363.38,24.36,79.55,201.8
2006-11-01,1388.64,24.619999999999997,80.53,201.5
2006-12-01,1416.42,24.88,81.51,201.8
2007-01-01,1424.16,25.083333333333332,82.05666666666667,202.416
2007-02-01,1444.8,25.286666666666665,82.60333333333334,203.499
2007-03-01,1406.95,25.49,83.15,205.352
2007-04-01,1463.64,25.71666666666667,83.74000000000001,206.686
2007-05-01,1511.14,25.943333333333335,84.33000000000001,207.949
2007-06-01,1514.19,26.17,84.92,208.352
2007-07-01,1520.71,26.440000000000005,82.81333333333333,208.299
2007-08-01,1454.62,26.71,80.70666666666666,207.917
2007-09-01,1497.12,26.98,78.6,208.49
2007-10-01,1539.66,27.230000000000004,74.46000000000001,208.936
2007-11-01,1463.39,27.480000000000004,70.32000000000001,210.177
2007-12-01,1479.22,27.73,66.18,210.036
2008-01-01,1378.76,27.92,64.25,211.08
2008-02-01,1354.87,28.11,62.32,211.693
2008-03-01,1316.94,28.3,60.39,213.528
2008-04-01,1370.47,28.436666666666667,57.383333333333326,214.823
2008-05-01,1403.22,28.573333333333334,54.376666666666665,216.632
2008-06-01,1341.25,28.71,51.37,218.815
2008-07-01,1257.33,28.756666666666668,49.56333333333333,219.964
2008-08-01,1281.47,28.803333333333335,47.75666666666667,219.086
2008-09-01,1216.95,28.85,45.95,218.783
2008-10-01,968.8,28.696666666666665,35.593333333333334,216.573
2008-11-01,883.04,28.543333333333333,25.236666666666668,212.425
2008-12-01,877.56,28.39,14.88,210.228
2009-01-01,865.58,28.013333333333335,12.206666666666667,211.143
2009-02-01,805.23,27.63666666666667,9.533333333333333,212.193
2009-03-01,757.13,27.26,6.86,212.709
2009-04-01,848.15,26.703333333333333,7.076666666666666,213.24
2009-05-01,902.41,26.14666666666667,7.293333333333333,213.856
2009-06-01,926.12,25.59,7.51,215.693
2009-07-01,935.82,25.026666666666664,9.186666666666667,215.351
2009-08-01,1009.73,24.46333333333333,10.863333333333333,215.834
2009-09-01,1044.55,23.9,12.54,215.969
2009-10-01,1067.66,23.403333333333332,25.349999999999998,216.177
2009-11-01,1088.07,22.906666666666666,38.16,216.33
2009-12-01,1110.38,22.41,50.97,215.949
2010-01-01,1123.58,22.24,54.28999999999999,216.687
2010-02-01,1089.16,22.07,57.61,216.741
2010-03-01,1152.05,21.9,60.93,217.631
2010-04-01,1197.32,21.946666666666665,62.986666666666665,218.009
2010-05-01,1125.06,21.993333333333332,65.04333333333332,218.178
2010-06-01,1083.36,22.04,67.1,217.965
2010-07-01,1079.8,22.143333333333334,68.68666666666667,218.011
2010-08-01,1087.28,22.246666666666666,70.27333333333333,218.312
2010-09-01,1122.08,22.35,71.86,218.439
2010-10-01,1171.58,22.476666666666667,73.69,218.711
2010-11-01,1198.89,22.603333333333335,75.52,218.803
2010-12-01,1241.53,22.73,77.35,219.179
2011-01-01,1282.62,22.963333333333335,78.67,220.223
2011-02-01,1321.12,23.196666666666665,79.99000000000001,221.309
2011-03-01,1304.49,23.43,81.31,223.467
2011-04-01,1331.51,23.733333333333334,82.16333333333334,224.906
2011-05-01,1338.31,24.036666666666665,83.01666666666667,225.964
2011-06-01,1287.29,24.34,83.87,225.722
2011-07-01,1325.19,24.619999999999997,84.90666666666667,225.922
2011-08-01,1185.31,24.9,85.94333333333334,226.545
2011-09-01,1173.88,25.18,86.98,226.889
2011-10-01,1207.22,25.596666666666664,86.97,226.421
2011-11-01,1226.42,26.013333333333335,86.96000000000001,226.23
2011-12-01,1243.32,26.43,86.95,225.672
2012-01-01,1300.58,26.736666666666668,87.48,226.665
2012-02-01,1352.49,27.043333333333337,88.01,227.663
2012-03-01,1389.24,27.35,88.54,229.392
2012-04-01,1386.43,27.673333333333332,88.33333333333334,230.085
2012-05-01,1341.27,27.996666666666666,88.12666666666667,229.815
2012-06-01,1323.48,28.32,87.92,229.478
2012-07-01,1359.78,28.743333333333332,87.44666666666667,229.104
2012-08-01,1403.45,29.166666666666664,86.97333333333333,230.379
2012-09-01,1443.42,29.59,86.5,231.407
2012-10-01,1437.82,30.14333333333333,86.50333333333333,231.317
2012-11-01,1394.51,30.696666666666665,86.50666666666667,230.221
2012-12-01,1422.29,31.25,86.51,229.601
2013-01-01,1480.4,31.536666666666665,86.90666666666667,230.28
2013-02-01,1512.31,31.82333333333333,87.30333333333334,232.166
2013-03-01,1550.83,32.11,87.7,232.773
2013-04-01,1570.7,32.49666666666667,88.78333333333333,232.531
2013-05-01,1639.84,32.88333333333334,89.86666666666667,232.945
2013-06-01,1618.77,33.27,90.95,233.504
2013-07-01,1668.68,33.64666666666667,92.09,233.596
2013-08-01,1670.09,34.02333333333333,93.23,233.877
2013-09-01,1687.17,34.4,94.37,234.149
2013-10-01,1720.03,34.596666666666664,96.31333333333333,233.546
2013-11-01,1783.54,34.79333333333334,98.25666666666666,233.069
2013-12-01,1807.78,34.99,100.2,233.049
2014-01-01,1822.36,35.403333333333336,100.41666666666666,233.916
2014-02-01,1817.04,35.81666666666666,100.63333333333333,234.781
2014-03-01,1863.52,36.23,100.85,236.293
2014-04-01,1864.26,36.61333333333333,101.60666666666667,237.072
2014-05-01,1889.77,36.99666666666667,102.36333333333334,237.9
2014-06-01,1947.09,37.38,103.12,238.343
2014-07-01,1973.1,37.75,104.06666666666666,238.25
2014-08-01,1961.53,38.120000000000005,105.01333333333334,237.852
2014-09-01,1993.23,38.49,105.96,238.031
2014-10-01,1937.27,38.806666666666665,104.74333333333334,237.433
2014-11-01,2044.57,39.123333333333335,103.52666666666667,236.151
2014-12-01,2054.27,39.44,102.31,234.812
2015-01-01,2028.18,39.89666666666667,101.28999999999999,233.707
2015-02-01,2082.2,40.35333333333333,100.27000000000001,234.722
2015-03-01,2079.99,40.81,99.25,236.119
2015-04-01,2094.86,41.120000000000005,97.80333333333334,236.599
2015-05-01,2111.94,41.43,96.35666666666667,237.805
2015-06-01,2099.29,41.74,94.91,238.638
2015-07-01,2094.14,41.99666666666667,93.49333333333334,238.654
2015-08-01,2039.87,42.25333333333333,92.07666666666667,238.316
2015-09-01,1944.41,42.51,90.66,237.945
2015-10-01,2024.81,42.803333333333335,89.28333333333333,237.838
2015-11-01,2080.62,43.096666666666664,87.90666666666667,237.336
2015-12-01,2054.08,43.39,86.53,236.525
2016-01-01,1918.6,43.553333333333335,86.5,236.916
2016-02-01,1904.42,43.71666666666667,86.47,237.111
2016-03-01,2021.95,43.88,86.44,238.132
2016-04-01,2075.54,44.07333333333334,86.6,239.261
2016-05-01,2065.55,44.266666666666666,86.75999999999999,240.229
2016-06-01,2083.89,44.46,86.92,241.018
2016-07-01,2148.9,44.65,87.64333333333333,240.628
2016-08-01,2170.95,44.84,88.36666666666667,240.849
2016-09-01,2157.69,45.03,89.09,241.428
2016-10-01,2143.02,45.25333333333333,90.91,241.729
2016-11-01,2164.99,45.47666666666667,92.73,241.353
2016-12-01,2246.63,45.7,94.55,241.432
2017-01-01,2275.12,45.92666666666667,96.46333333333334,242.839
2017-02-01,2329.91,46.153333333333336,98.37666666666667,243.603
2017-03-01,2366.82,46.38,100.29,243.801
2017-04-01,2359.31,46.660000000000004,101.53333333333333,244.524
2017-05-01,2395.35,46.94,102.77666666666667,244.733
2017-06-01,2433.99,47.22,104.02,244.955
2017-07-01,2454.1,47.53666666666667,105.03999999999999,244.786
2017-08-01,2456.22,47.85333333333334,106.06,245.519
2017-09-01,2492.84,48.17,107.08,246.819
2017-10-01,2557.0,48.42333333333333,108.01333333333334,246.663
2017-11-01,2593.61,48.67666666666666,108.94666666666666,246.669
2017-12-01,2664.34,48.93,109.88,246.524
2018-01-01,2789.8,49.28666666666666,111.73333333333332,247.867
2018-02-01,2705.16,49.64333333333333,113.58666666666666,248.991
2018-03-01,2702.77,50.0,115.44,249.554
2018-04-01,2653.63,50.33,117.78666666666666,250.546
2018-05-01,2701.49,50.66,120.13333333333333,251.588
2018-06-01,2754.35,50.99,122.48,251.989
2018-07-01,2793.64,51.44,125.11666666666667,252.006
2018-08-01,2857.82,51.89,127.75333333333333,252.146
2018-09-01,2901.5,52.34,130.39,252.439
2018-10-01,2785.46,52.81,131.05666666666667,252.885
2018-11-01,2723.23,53.28,131.72333333333333,252.038
2018-12-01,2567.31,53.75,132.39,251.233
2019-01-01,2607.39,54.14666666666667,133.05666666666664,251.712
2019-02-01,2754.86,54.54333333333334,133.7233333333333,252.776
2019-03-01,2803.98,54.94,134.39,254.202
2019-04-01,2903.8,55.319091580592705,134.68333333333334,255.548
2019-05-01,2854.71,55.69818316118541,134.97666666666666,256.092
2019-06-01,2890.17,56.07727474177812,135.27,256.143
2019-07-01,2996.1136363636365,56.45818316118542,134.48000000000002,256.571
2019-08-01,2897.498181818182,56.83909158059271,133.69,256.558
2019-09-01,2982.156,57.22,132.9,256.759
2019-10-01,2977.68,57.56,135.09,257.346
2019-11-01,3104.9044999999996,57.900000000000006,137.28,257.208
2019-12-01,3176.7495238095235,58.24,139.47,256.974
2020-01-01,3278.2028571428577,58.686867862126704,131.75666666666666,257.971
2020-02-01,3277.3142105263164,59.13373572425341,124.04333333333332,258.678
2020-03-01,2652.3936363636367,59.58060358638012,116.33,258.115
2020-04-01,2761.975238095238,59.61373572425342,110.63,256.389
2020-05-01,2919.615,59.64686786212671,104.93,256.394
2020-06-01,3104.6609090909087,59.68,99.23,257.797
2020-07-01,3207.6190909090906,59.403333333333336,98.89333333333335,259.101
2020-08-01,3391.71,59.126666666666665,98.55666666666667,259.918
2020-09-01,3365.5166666666664,58.85,98.22,260.28
2020-10-01,3418.701363636364,58.659615378670054,96.85666666666667,260.388
2020-11-01,3548.992500000001,58.469230757340114,95.49333333333334,260.229
2020-12-01,3695.3099999999995,58.27884613601017,94.13,260.474
2021-01-01,3793.748421052632,58.06369311230766,105.48666666666665,261.582
2021-02-01,3883.4321052631576,57.84854008860516,116.84333333333332,263.014
2021-03-01,3910.5082608695648,57.63338706490265,128.2,264.877
2021-04-01,4141.176190476191,57.71060542140715,138.38666666666666,267.054
2021-05-01,4167.849500000001,57.787823777911655,148.57333333333332,269.195
2021-06-01,4238.489545454546,57.86504213441615,158.76,271.696
2021-07-01,4363.7128571428575,58.32818900579217,164.31666666666666,273.003
2021-08-01,4454.206363636363,58.79133587716819,169.87333333333333,273.567
2021-09-01,4445.543333333333,59.254482748544206,175.43,274.31
2021-10-01,4460.707142857143,59.63536092649366,182.91,276.589
2021-11-01,4667.386666666667,60.01623910444312,190.39,277.948
2021-12-01,4674.772727272726,60.397117282392585,197.87,278.802
2022-01-01,4573.8155,60.921402962953294,197.88333333333333,281.148
2022-02-01,4435.980526315789,61.44568864351402,197.89666666666665,283.716
2022-03-01,4391.265217391306,61.969974324074734,197.91,287.504
2022-04-01,4391.295999999999,62.65331621604982,196.02666666666664,289.109
2022-05-01,4040.3599999999997,63.336658108024906,194.14333333333332,292.296
2022-06-01,3898.9466666666676,64.02,192.26,296.311
2022-07-01,3911.729499999999,64.4527684478357,190.58333333333331,296.276
2022-08-01,4158.5630434782615,64.8855368956714,188.90666666666664,296.171
2022-09-01,3850.520476190475,65.31830534350709,187.23,296.808
2022-10-01,3726.050952380952,65.85220356233806,182.40333333333334,298.012
2022-11-01,3917.488571428571,66.38610178116903,177.57666666666665,297.711
2022-12-01,3912.380952380953,66.92,172.75,296.797
2023-01-01,3960.6565,67.35,173.55666666666667,299.17
2023-02-01,4079.684736842105,67.78,174.36333333333332,300.84
2023-03-01,3968.5591304347827,68.21,175.17,301.836
2023-04-01,4121.467368421053,68.37666666666667,177.11666666666665,303.363
2023-05-01,4146.1731818181825,68.54333333333332,179.06333333333333,304.127
2023-06-01,4345.372857142857,68.71,181.01,305.109
2023-07-01,4508.075500000001,68.91104536354072,182.09,305.691
2023-08-01,4457.358695652174,69.11209072708144,183.17,307.026
2023-09-01,4409.094999999999,69.31313609062215,184.25,307.789
2023-10-01,4269.4009090909085,69.64332137499402,186.97666666666666,307.671
2023-11-01,4460.063333333332,69.97350665936588,189.70333333333332,307.051
2023-12-01,4685.0515000000005,70.30369194373775,192.42999999999998,306.746
2024-01-01,4815.6139130434785,70.47740320664859,192.08333333333331,308.417
2024-02-01,5011.9615,70.65111446955943,191.73666666666665,310.326
2024-03-01,5170.572499999999,70.82482573247027,191.39,312.332
2024-04-01,5112.492727272728,71.20848368988366,193.17999999999998,313.548
2024-05-01,5235.225454545454,71.59214164729707,194.96999999999997,314.069
2024-06-01,5415.140526315788,71.97579960471046,196.76,314.175
2024-07-01,5538.004545454546,72.45053306980697,197.93,314.54
2024-08-01,5478.214545454546,72.92526653490349,199.10000000000002,314.796
2024-09-01,5621.2604999999985,73.4,200.27,315.301
2024-10-01,5792.31956521739,73.87741819658692,203.57,315.664
2024-11-01,5929.916,74.35483639317383,206.87,315.493
2024-12-01,6010.908571428571,74.83225458976072,210.17,315.605
2025-01-01,5979.5155,75.2699367248546,212.3433333333333,317.671
2025-02-01,6038.69,75.70761885994848,214.51666666666665,319.082
2025-03-01,5683.983333333333,76.14530099504236,216.69,319.799
2025-04-01,5369.495714285715,76.54686733002825,218.63666666666666,320.795
2025-05-01,5810.919523809524,76.94843366501412,220.58333333333331,321.465
2025-06-01,6029.951499999999,77.35,222.53,322.561
2025-07-01,6296.498181818183,77.72666666666666,226.76999999999998,323.048
2025-08-01,6408.949523809522,78.10333333333332,231.01,323.976
2025-09-01,6584.018095238095,78.48,235.25,324.8
2025-10-01,6735.691739130435,78.82666666666667,237.04466666666667,325.21200000000005
2025-11-01,6740.885789473684,79.17333333333333,238.83933333333334,324.122
2025-12-01,6853.025454545453,79.52,240.634,324.054
2026-01-01,6929.122,79.80176666666667,247.66366666666664,325.252
2026-02-01,6893.806315789475,80.08353333333334,254.69333333333333,326.785
2026-03-01,6654.419090909089,80.3653,261.723,330.213
2026-04-01,6957.0076190476175,80.81126666666667,272.9447,333.02
2026-05-01,7412.5515,81.25723333333333,284.1664,335.123
2026-06-01,7450.032857142856,81.7032,295.3881,333.952
2026-07-01,7481.33909090909,,,333.918
2026-08-01,7711.323333333334,,,334.98
2026-09-01,7669.414285714285,,,335.511
2026-10-01,7722.72,,,335.77650000000006
